rank,player,team,games,games_started,mpg,fg,fga,fg_pct,fg3,fg3a,fg3_pct,ft,fta,ft_pct,orb,drb,reb,ast,stl,blk,tov,pf,pts,game_score,pr,pa,pra
1,Luka Dončić,LAL,4.0,4.0,36.3,12.0,23.5,0.511,4.5,10.3,0.439,9.0,10.3,0.878,1.0,8.3,9.3,9.0,0.5,0.8,4.5,2.5,37.5,30.4,46.8,46.5,55.8
2,Shai Gilgeous-Alexander,OKC,4.0,4.0,36.0,10.8,18.8,0.573,2.3,4.0,0.563,11.5,14.0,0.821,0.3,3.8,4.0,5.8,1.5,0.0,1.3,2.5,35.3,30.0,39.3,41.1,45.1
3,Deni Avdija,POR,4.0,4.0,37.5,7.3,14.5,0.5,2.3,6.0,0.375,13.3,17.3,0.768,1.3,9.0,10.3,9.8,0.5,0.3,3.8,2.8,30.0,27.4,40.3,39.8,50.1
4,Michael Porter Jr.,BRK,2.0,2.0,34.8,11.5,22.0,0.523,6.0,11.5,0.522,5.0,7.0,0.714,1.5,7.0,8.5,4.5,2.0,0.5,2.5,3.5,34.0,27.2,42.5,38.5,47.0
5,Nikola Jokić,DEN,4.0,4.0,34.9,8.3,14.5,0.569,1.8,4.3,0.412,6.8,7.8,0.871,2.5,9.0,11.5,11.5,0.5,1.0,3.8,2.5,25.0,26.7,36.5,36.5,48.0
6,Anthony Edwards,MIN,4.0,4.0,40.2,12.5,22.8,0.549,5.0,10.0,0.5,6.5,8.3,0.788,0.8,3.8,4.5,5.0,0.0,0.5,3.3,2.8,36.5,26.0,41.0,41.5,46.0
7,Austin Reaves,LAL,4.0,4.0,37.3,9.5,14.5,0.655,3.8,6.5,0.577,6.8,7.3,0.931,1.0,5.5,6.5,4.3,1.0,0.3,3.0,2.0,29.5,25.7,36.0,33.8,40.3
8,Jamal Murray,DEN,4.0,4.0,33.8,10.8,17.8,0.606,5.5,8.0,0.688,3.8,4.3,0.882,0.5,3.8,4.3,6.0,0.8,0.3,2.8,1.8,30.8,25.6,35.1,36.8,41.1
9,Jaylen Brown,BOS,4.0,4.0,37.8,12.0,25.3,0.475,2.5,7.0,0.357,7.3,9.3,0.784,1.5,6.5,8.0,6.8,2.3,0.8,4.8,3.3,33.8,24.5,41.8,40.6,48.6
10,Tyrese Maxey,PHI,4.0,4.0,38.7,10.3,22.0,0.466,2.3,8.8,0.257,7.5,8.5,0.882,0.0,5.3,5.3,6.5,1.5,0.8,2.0,2.0,30.3,23.9,35.6,36.8,42.1
11,Donovan Mitchell,CLE,4.0,4.0,35.7,12.5,24.3,0.515,4.3,11.3,0.378,4.8,5.5,0.864,1.3,4.8,6.0,5.5,1.3,0.0,4.0,3.5,34.0,23.7,40.0,39.5,45.5
12,Alperen Şengün,HOU,4.0,4.0,32.7,10.0,18.0,0.556,0.3,2.3,0.111,5.3,7.3,0.724,2.8,4.3,7.0,7.0,2.0,1.3,2.3,3.5,25.5,23.4,32.5,32.5,39.5
13,Jalen Johnson,ATL,4.0,4.0,37.9,7.8,17.0,0.456,2.8,6.8,0.407,8.3,10.8,0.767,2.0,9.5,11.5,8.3,1.0,0.8,4.5,2.5,26.5,22.8,38.0,34.8,46.3
14,Kevin Durant,HOU,3.0,3.0,34.0,9.7,18.3,0.527,2.0,5.0,0.4,5.7,6.3,0.895,0.3,6.0,6.3,5.7,1.0,0.7,2.0,2.0,27.0,22.4,33.3,32.7,39.0
15,Cade Cunningham,DET,5.0,5.0,37.6,10.2,21.4,0.477,2.0,6.4,0.313,6.6,7.8,0.846,1.8,6.2,8.0,7.8,2.0,1.0,5.6,2.4,29.0,22.3,37.0,36.8,44.8
16,Josh Giddey,CHI,4.0,4.0,34.6,8.3,14.3,0.579,2.0,5.0,0.4,4.5,6.8,0.667,1.0,9.5,10.5,8.3,1.0,0.3,3.5,1.0,23.0,22.0,33.5,31.3,41.8
17,Alex Sarr,WAS,2.0,2.0,35.2,9.5,17.0,0.559,1.0,3.0,0.333,5.5,10.0,0.55,2.5,7.5,10.0,0.5,2.0,2.0,1.0,1.5,25.5,21.8,35.5,26.0,36.0
18,Kawhi Leonard,LAC,5.0,5.0,30.2,10.0,20.0,0.5,2.2,5.8,0.379,6.8,7.0,0.971,0.6,5.2,5.8,2.6,1.4,0.0,2.0,1.4,29.0,21.6,34.8,31.6,37.4
19,Evan Mobley,CLE,4.0,4.0,33.8,8.0,15.3,0.525,2.3,5.5,0.409,2.5,2.8,0.909,3.0,7.8,10.8,5.3,1.0,2.3,1.3,2.8,20.8,21.5,31.6,26.1,36.9
20,Scottie Barnes,TOR,4.0,4.0,36.5,8.3,15.8,0.524,2.0,4.3,0.471,6.5,7.3,0.897,2.8,5.8,8.5,5.0,1.0,1.5,4.0,3.3,25.0,20.9,33.5,30.0,38.5
21,Desmond Bane,ORL,4.0,4.0,35.0,9.3,18.0,0.514,1.5,5.0,0.3,5.8,6.0,0.958,1.8,3.0,4.8,4.8,1.0,0.5,1.8,2.8,25.8,20.7,30.6,30.6,35.4
22,De'Aaron Fox,SAS,5.0,5.0,31.9,9.2,19.6,0.469,2.6,6.6,0.394,6.4,7.4,0.865,0.8,2.8,3.6,6.6,1.6,0.4,3.8,2.0,27.4,20.3,31.0,34.0,37.6
23,Josh Hart,NYK,5.0,5.0,36.3,6.4,11.8,0.542,2.6,5.8,0.448,3.6,4.0,0.9,2.6,7.4,10.0,6.6,2.2,0.2,2.6,3.0,19.0,20.3,29.0,25.6,35.6
24,Anthony Davis,DAL,3.0,3.0,29.6,8.7,16.7,0.52,1.3,3.0,0.444,1.7,2.3,0.714,2.3,9.3,11.7,4.3,0.7,2.7,1.3,1.3,20.3,20.0,32.0,24.6,36.3
25,Kevin Porter Jr.,MIL,3.0,3.0,30.2,8.0,14.3,0.558,3.7,6.3,0.579,3.3,3.7,0.909,0.7,2.7,3.3,6.0,2.0,0.3,3.0,2.3,23.0,19.8,26.3,29.0,32.3
26,Zach Edey,MEM,4.0,4.0,31.4,9.0,12.8,0.706,0.0,0.3,0.0,1.3,2.0,0.625,5.3,11.3,16.5,0.8,0.5,2.8,2.5,3.8,19.3,19.6,35.8,20.1,36.6
27,Cooper Flagg,DAL,4.0,4.0,34.5,9.3,16.3,0.569,0.5,2.3,0.222,4.5,5.5,0.818,1.0,6.3,7.3,4.3,1.5,0.5,2.3,2.8,23.5,19.5,30.8,27.8,35.1
28,Deandre Ayton,LAL,3.0,3.0,30.4,7.0,8.7,0.808,0.0,0.0,,3.0,3.3,0.9,2.3,7.3,9.7,1.3,0.7,2.0,0.7,1.0,17.0,19.4,26.7,18.3,28.0
29,Saddiq Bey,NOP,4.0,4.0,36.1,7.3,13.8,0.527,2.3,5.8,0.391,4.0,5.0,0.8,1.3,7.3,8.5,2.8,1.3,0.5,1.0,1.0,20.8,18.8,29.3,23.6,32.1
30,Giannis Antetokounmpo,MIL,4.0,4.0,20.4,8.0,11.5,0.696,0.3,1.3,0.2,5.5,8.8,0.629,2.0,5.8,7.8,3.8,1.0,0.3,2.5,3.3,21.8,18.7,29.6,25.6,33.4
31,Trey Murphy III,NOP,2.0,2.0,39.7,8.0,16.5,0.485,3.0,7.0,0.429,3.5,3.5,1.0,1.5,8.0,9.5,5.0,1.0,0.0,2.0,3.5,22.5,18.7,32.0,27.5,37.0
32,Franz Wagner,ORL,4.0,4.0,32.7,9.0,16.8,0.537,0.5,2.0,0.25,4.5,5.5,0.818,1.3,4.3,5.5,3.0,2.0,0.5,1.8,1.8,23.0,18.6,28.5,26.0,31.5
33,Mikal Bridges,NYK,5.0,5.0,34.7,7.8,12.8,0.609,2.8,5.8,0.483,1.0,1.0,1.0,1.4,3.0,4.4,2.6,2.2,1.2,0.6,3.0,19.4,18.5,23.8,22.0,26.4
34,Karl-Anthony Towns,NYK,5.0,5.0,34.3,8.2,15.6,0.526,1.4,4.2,0.333,5.0,5.8,0.862,3.4,7.2,10.6,3.2,0.4,0.4,2.8,2.6,22.8,18.5,33.4,26.0,36.6
35,Tyler Herro,MIA,4.0,4.0,31.8,7.8,16.0,0.484,3.8,7.3,0.517,4.5,4.8,0.947,0.8,3.3,4.0,2.8,0.8,0.8,1.5,1.3,23.8,18.3,27.8,26.6,30.6
36,Corey Kispert,WAS,1.0,1.0,24.5,6.0,11.0,0.545,4.0,8.0,0.5,3.0,5.0,0.6,0.0,3.0,3.0,1.0,3.0,1.0,0.0,0.0,19.0,18.2,22.0,20.0,23.0
37,Lauri Markkanen,UTA,3.0,3.0,35.5,7.7,17.3,0.442,1.7,7.0,0.238,8.0,8.7,0.923,1.3,6.3,7.7,1.0,0.3,0.0,0.7,1.7,25.0,18.2,32.7,26.0,33.7
38,Marvin Bagley III,WAS,2.0,2.0,27.8,7.0,11.0,0.636,0.5,1.5,0.333,3.0,3.0,1.0,5.0,3.0,8.0,1.0,0.0,2.5,0.5,2.5,17.5,18.0,25.5,18.5,26.5
39,CJ McCollum,WAS,4.0,4.0,31.4,9.5,18.3,0.521,3.8,9.0,0.417,1.0,1.8,0.571,0.0,3.3,3.3,3.8,1.0,0.3,0.8,1.3,23.8,18.0,27.1,27.6,30.9
40,James Harden,LAC,5.0,5.0,34.1,6.6,17.2,0.384,3.0,9.8,0.306,7.6,8.2,0.927,0.4,4.8,5.2,8.6,1.4,0.2,4.6,2.4,23.8,17.9,29.0,32.4,37.6
41,Bam Adebayo,MIA,4.0,4.0,30.5,8.0,15.3,0.525,2.0,5.3,0.381,2.0,2.5,0.8,1.5,9.0,10.5,1.8,1.3,1.0,1.5,0.5,20.0,17.6,30.5,21.8,32.3
42,Jalen Brunson,NYK,5.0,5.0,36.5,9.4,21.0,0.448,1.8,6.2,0.29,5.2,6.2,0.839,0.6,2.0,2.6,6.2,1.0,0.0,2.6,1.8,25.8,17.5,28.4,32.0,34.6
43,Derrick White,BOS,3.0,3.0,35.1,7.0,15.0,0.467,4.0,10.3,0.387,3.7,4.3,0.846,0.7,2.7,3.3,4.3,1.3,1.3,2.3,1.7,21.7,17.3,25.0,26.0,29.3
44,Kristaps Porziņģis,ATL,1.0,1.0,21.8,7.0,13.0,0.538,2.0,5.0,0.4,6.0,7.0,0.857,2.0,6.0,8.0,1.0,0.0,0.0,0.0,5.0,22.0,17.2,30.0,23.0,31.0
45,Collin Gillespie,PHO,4.0,3.0,32.4,7.8,15.3,0.508,5.5,10.5,0.524,0.3,0.3,1.0,0.8,1.8,2.5,5.0,1.5,0.3,2.8,1.3,21.3,16.7,23.8,26.3,28.8
46,Mark Williams,PHO,3.0,3.0,25.3,6.7,9.7,0.69,0.0,0.0,,2.3,3.7,0.636,4.7,7.3,12.0,1.7,1.7,0.7,2.3,2.0,15.7,16.7,27.7,17.4,29.4
47,Ryan Nembhard,DAL,4.0,4.0,28.2,7.0,10.8,0.651,3.0,4.5,0.667,0.0,0.0,,0.3,2.5,2.8,7.5,0.5,0.0,1.3,3.0,17.0,16.5,19.8,24.5,27.3
48,Jimmy Butler,GSW,3.0,3.0,28.3,5.0,11.0,0.455,1.0,2.7,0.375,6.0,7.3,0.818,2.0,3.3,5.3,5.3,0.7,0.0,0.7,1.3,17.0,16.4,22.3,22.3,27.6
49,Nickeil Alexander-Walker,ATL,5.0,5.0,35.5,8.2,18.0,0.456,4.2,9.4,0.447,3.2,3.6,0.889,0.6,3.6,4.2,3.2,1.0,0.4,2.2,2.2,23.8,16.3,28.0,27.0,31.2
50,Norman Powell,MIA,3.0,3.0,31.3,8.3,15.0,0.556,3.0,7.0,0.429,3.3,3.7,0.909,0.3,2.7,3.0,2.7,1.0,0.3,2.3,3.3,23.0,16.2,26.0,25.7,28.7
51,P.J. Washington,DAL,1.0,1.0,35.3,9.0,19.0,0.474,2.0,4.0,0.5,2.0,2.0,1.0,4.0,5.0,9.0,1.0,1.0,1.0,2.0,2.0,22.0,16.2,31.0,23.0,32.0
52,Andrew Wiggins,MIA,4.0,4.0,33.4,6.8,14.5,0.466,1.5,4.0,0.375,3.8,4.0,0.938,2.3,3.5,5.8,3.8,1.0,1.5,1.5,2.3,18.8,16.1,24.6,22.6,28.4
53,Tre Jones,CHI,3.0,0.0,28.5,6.7,9.3,0.714,0.7,1.3,0.5,3.7,4.0,0.917,0.0,1.0,1.0,3.0,1.7,0.3,1.7,0.7,17.7,16.0,18.7,20.7,21.7
54,Pascal Siakam,IND,5.0,5.0,31.7,9.0,18.0,0.5,1.0,3.2,0.313,2.6,4.4,0.591,1.6,5.2,6.8,2.6,1.2,0.6,1.0,2.6,21.6,16.0,28.4,24.2,31.0
55,Immanuel Quickley,TOR,4.0,4.0,35.3,7.8,16.0,0.484,3.3,7.8,0.419,1.0,2.5,0.4,0.5,3.3,3.8,8.0,0.5,0.0,2.0,2.0,19.8,15.7,23.6,27.8,31.6
56,Devin Vassell,SAS,5.0,5.0,31.5,8.2,15.8,0.519,3.2,6.8,0.471,1.8,1.8,1.0,0.4,3.8,4.2,1.6,0.8,0.4,0.4,2.8,21.4,15.7,25.6,23.0,27.2
57,Jaylen Wells,MEM,4.0,4.0,29.6,5.3,8.0,0.656,2.8,4.5,0.611,5.0,5.5,0.909,0.8,2.5,3.3,1.5,0.5,0.3,0.8,2.8,18.3,15.7,21.6,19.8,23.1
58,Naji Marshall,DAL,4.0,3.0,32.5,5.5,9.5,0.579,1.5,3.8,0.4,2.8,2.8,1.0,2.3,4.5,6.8,3.8,1.5,0.3,1.0,3.5,15.3,15.6,22.1,19.1,25.9
59,Coby White,CHI,1.0,1.0,29.2,11.0,23.0,0.478,1.0,6.0,0.167,2.0,3.0,0.667,1.0,1.0,2.0,4.0,0.0,0.0,0.0,3.0,25.0,15.5,27.0,29.0,31.0
60,Neemias Queta,BOS,2.0,2.0,24.9,5.5,6.0,0.917,0.0,0.0,,2.5,4.0,0.625,5.0,7.0,12.0,0.0,0.0,1.0,1.0,2.0,13.5,15.4,25.5,13.5,25.5
61,Jaylon Tyson,CLE,4.0,3.0,29.8,6.3,12.5,0.5,2.8,5.8,0.478,1.5,2.3,0.667,3.5,2.8,6.3,2.0,1.5,0.5,0.5,2.5,16.8,15.2,23.1,18.8,25.1
62,Steven Adams,HOU,2.0,0.0,17.4,3.5,5.0,0.7,0.0,0.0,,5.0,6.0,0.833,4.5,5.5,10.0,1.0,0.5,1.5,1.5,0.0,12.0,15.1,22.0,13.0,23.0
63,Chet Holmgren,OKC,4.0,4.0,30.2,7.3,13.0,0.558,1.5,3.0,0.5,2.8,3.8,0.733,1.5,7.0,8.5,1.8,0.5,1.3,1.5,3.5,18.8,15.0,27.3,20.6,29.1
64,Rudy Gobert,MIN,4.0,4.0,31.1,4.8,6.3,0.76,0.0,0.0,,3.3,5.5,0.591,2.8,7.5,10.3,2.5,0.3,1.0,0.3,2.8,12.8,14.9,23.1,15.3,25.6
65,Isaiah Hartenstein,OKC,1.0,1.0,28.1,6.0,10.0,0.6,0.0,0.0,,3.0,6.0,0.5,2.0,5.0,7.0,2.0,1.0,1.0,0.0,1.0,15.0,14.8,22.0,17.0,24.0
66,Devin Booker,PHO,4.0,4.0,30.7,5.0,13.3,0.377,1.3,5.5,0.227,7.5,8.5,0.882,1.0,4.3,5.3,5.5,0.8,0.3,2.0,2.8,18.8,14.7,24.1,24.3,29.6
67,A.J. Green,MIL,5.0,5.0,33.9,5.0,8.6,0.581,4.8,8.4,0.571,0.6,0.6,1.0,0.0,4.0,4.0,3.8,1.0,0.4,1.0,2.0,15.4,14.7,19.4,19.2,23.2
68,Seth Curry,GSW,1.0,0.0,17.9,6.0,7.0,0.857,2.0,3.0,0.667,0.0,0.0,,1.0,1.0,2.0,2.0,1.0,0.0,0.0,1.0,14.0,14.5,16.0,16.0,18.0
69,Payton Pritchard,BOS,4.0,4.0,31.6,7.0,14.8,0.475,3.0,8.3,0.364,2.3,2.3,1.0,0.5,3.8,4.3,3.0,0.5,0.5,1.0,1.8,19.3,14.5,23.6,22.3,26.6
70,Jusuf Nurkić,UTA,3.0,3.0,23.7,6.0,10.0,0.6,0.7,1.0,0.667,1.0,2.7,0.375,2.3,6.3,8.7,6.7,1.0,0.3,1.7,4.7,13.7,14.3,22.4,20.4,29.1
71,Anthony Black,ORL,4.0,0.0,30.2,7.0,14.8,0.475,1.8,4.3,0.412,3.3,5.0,0.65,0.8,4.5,5.3,3.8,1.0,0.8,2.3,1.5,19.0,14.0,24.3,22.8,28.1
72,Keegan Murray,SAC,4.0,4.0,39.1,5.8,14.3,0.404,1.0,6.0,0.167,2.3,3.0,0.75,2.5,5.3,7.8,2.0,2.8,2.0,0.8,2.3,14.8,14.0,22.6,16.8,24.6
73,Julius Randle,MIN,4.0,4.0,33.4,5.8,13.8,0.418,1.8,5.8,0.304,2.8,3.8,0.733,2.0,5.0,7.0,7.0,1.0,0.3,2.5,2.0,16.0,14.0,23.0,23.0,30.0
74,Nikola Vučević,CHI,4.0,4.0,32.1,6.5,14.0,0.464,1.3,4.5,0.278,2.0,2.5,0.8,3.5,7.5,11.0,3.5,1.5,0.0,2.5,2.5,16.3,14.0,27.3,19.8,30.8
75,Ivica Zubac,LAC,5.0,5.0,35.5,6.0,11.2,0.536,0.0,0.0,,1.6,2.4,0.667,3.4,9.2,12.6,4.0,0.4,1.2,1.8,3.0,13.6,14.0,26.2,17.6,30.2
76,Zion Williamson,NOP,2.0,2.0,31.6,7.5,15.5,0.484,0.0,1.5,0.0,6.0,6.5,0.923,1.5,4.5,6.0,4.0,0.0,1.0,4.0,2.5,21.0,13.9,27.0,25.0,31.0
77,Jalen Williams,OKC,3.0,3.0,32.1,6.3,15.3,0.413,0.3,1.7,0.2,3.3,3.3,1.0,0.0,5.0,5.0,6.3,1.0,1.7,1.7,2.0,16.3,13.8,21.3,22.6,27.6
78,Quentin Grimes,PHI,3.0,2.0,38.8,5.7,14.7,0.386,1.3,6.0,0.222,5.7,6.0,0.944,2.0,3.3,5.3,5.7,1.3,0.0,3.7,2.0,18.3,13.4,23.6,24.0,29.3
79,Miles McBride,NYK,5.0,5.0,35.5,4.6,8.4,0.548,4.0,6.4,0.625,2.0,2.2,0.909,0.8,2.2,3.0,2.6,0.8,0.0,1.0,2.4,15.2,13.0,18.2,17.8,20.8
80,Ryan Rollins,MIL,5.0,5.0,36.3,6.6,14.4,0.458,2.4,7.4,0.324,1.4,2.0,0.7,0.6,3.4,4.0,5.6,1.8,0.6,3.0,2.6,17.0,12.9,21.0,22.6,26.6
81,Collin Sexton,CHO,5.0,0.0,20.7,5.2,9.2,0.565,0.8,2.4,0.333,3.4,3.6,0.944,0.8,1.8,2.6,2.8,1.0,0.8,1.6,0.6,14.6,12.9,17.2,17.4,20.0
82,Nic Claxton,BRK,4.0,4.0,32.8,4.5,8.0,0.563,0.3,1.0,0.25,2.3,3.3,0.692,2.0,5.3,7.3,4.8,1.0,1.3,2.0,1.8,11.5,12.8,18.8,16.3,23.6
83,Jalen Duren,DET,4.0,4.0,29.9,5.5,9.3,0.595,0.0,0.0,,3.3,4.3,0.765,4.8,6.5,11.3,1.5,0.5,1.0,3.0,3.3,14.3,12.8,25.6,15.8,27.1
84,Keldon Johnson,SAS,5.0,0.0,24.8,4.8,8.6,0.558,1.0,3.0,0.333,3.6,4.8,0.75,1.4,5.8,7.2,2.2,0.6,0.0,1.0,1.8,14.2,12.8,21.4,16.4,23.6
85,Amen Thompson,HOU,4.0,4.0,35.7,5.5,13.0,0.423,0.0,1.8,0.0,3.5,4.5,0.778,3.3,7.3,10.5,5.5,1.0,0.8,3.0,3.0,14.5,12.8,25.0,20.0,30.5
86,Toumani Camara,POR,4.0,4.0,34.8,5.3,11.3,0.467,4.0,9.0,0.444,2.3,3.3,0.692,2.0,4.3,6.3,2.8,0.3,1.0,2.3,3.3,16.8,12.6,23.1,19.6,25.9
87,Donte DiVincenzo,MIN,4.0,4.0,33.2,5.3,12.0,0.438,3.8,9.3,0.405,0.5,1.0,0.5,1.0,3.3,4.3,4.8,1.0,0.3,1.0,2.0,14.8,12.6,19.1,19.6,23.9
88,Cam Spencer,MEM,4.0,0.0,21.7,5.0,8.0,0.625,3.0,4.5,0.667,1.5,1.5,1.0,0.0,1.3,1.3,5.0,0.8,0.3,2.5,1.8,14.5,12.5,15.8,19.5,20.8
89,Peyton Watson,DEN,4.0,4.0,33.1,4.5,9.3,0.486,1.0,3.3,0.308,3.0,3.3,0.923,1.0,4.8,5.8,2.3,0.5,1.8,0.3,2.3,13.0,12.5,18.8,15.3,21.1
90,LaMelo Ball,CHO,5.0,5.0,28.8,6.2,17.0,0.365,2.6,8.4,0.31,2.4,2.8,0.857,1.0,4.6,5.6,8.0,0.8,0.4,3.0,3.2,17.4,12.3,23.0,25.4,31.0
91,John Collins,LAC,5.0,5.0,32.0,5.8,11.0,0.527,1.0,3.6,0.278,2.2,2.6,0.846,2.0,4.2,6.2,1.0,0.6,1.0,0.8,2.0,14.8,12.3,21.0,15.8,22.0
92,Malik Monk,SAC,4.0,0.0,26.7,6.5,13.8,0.473,2.5,5.8,0.435,1.0,1.3,0.8,0.5,2.5,3.0,3.3,1.3,0.8,1.5,1.8,16.5,12.3,19.5,19.8,22.8
93,Dyson Daniels,ATL,5.0,5.0,37.0,5.8,12.0,0.483,0.2,2.0,0.1,0.8,1.8,0.444,2.4,4.4,6.8,6.2,2.2,0.0,2.6,2.2,12.6,12.2,19.4,18.8,25.6
94,Reed Sheppard,HOU,4.0,3.0,29.9,5.3,12.0,0.438,2.3,6.0,0.375,0.8,1.0,0.75,0.5,5.3,5.8,3.0,1.8,1.5,1.3,1.3,13.5,12.2,19.3,16.5,22.3
95,T.J. McConnell,IND,5.0,0.0,18.2,5.6,9.8,0.571,0.0,0.8,0.0,0.0,0.0,,0.2,3.0,3.2,5.4,1.6,0.6,0.8,1.6,11.2,12.0,14.4,16.6,19.8
96,Khris Middleton,WAS,3.0,3.0,29.5,5.0,9.3,0.536,1.0,1.7,0.6,1.3,2.0,0.667,1.3,4.3,5.7,7.3,0.7,0.7,2.7,3.3,12.3,12.0,18.0,19.6,25.3
97,Andrew Nembhard,IND,4.0,4.0,31.9,4.8,10.5,0.452,1.8,4.3,0.412,3.8,5.3,0.714,0.5,2.5,3.0,5.8,0.5,0.3,2.0,2.0,15.0,12.0,18.0,20.8,23.8
98,Dillon Brooks,PHO,4.0,4.0,33.3,8.8,18.5,0.473,1.8,6.5,0.269,3.8,4.5,0.833,0.8,2.0,2.8,1.5,1.0,0.0,3.0,3.8,23.0,11.9,25.8,24.5,27.3
99,Cameron Johnson,DEN,4.0,4.0,35.7,5.3,10.5,0.5,3.0,6.0,0.5,2.0,2.5,0.8,0.8,3.0,3.8,2.8,1.3,0.5,2.0,2.8,15.5,11.9,19.3,18.3,22.1
100,Jeremiah Fears,NOP,4.0,4.0,30.8,5.8,13.8,0.418,1.5,4.3,0.353,4.0,5.0,0.8,0.5,2.8,3.3,3.3,1.0,0.3,1.5,1.5,17.0,11.8,20.3,20.3,23.6
101,Joel Embiid,PHI,1.0,1.0,30.0,6.0,14.0,0.429,0.0,3.0,0.0,6.0,8.0,0.75,1.0,3.0,4.0,2.0,1.0,1.0,2.0,2.0,18.0,11.7,22.0,20.0,24.0
102,Tobias Harris,DET,5.0,5.0,28.5,6.2,12.6,0.492,2.4,5.6,0.429,2.2,2.8,0.786,1.2,3.8,5.0,1.4,0.0,0.4,1.2,2.0,17.0,11.7,22.0,18.4,23.4
103,Jaren Jackson Jr.,MEM,4.0,4.0,31.9,6.8,14.5,0.466,2.0,5.5,0.364,2.3,3.0,0.75,0.5,4.3,4.8,2.8,1.5,0.3,2.0,4.3,17.8,11.5,22.6,20.6,25.4
104,Kevin Love,UTA,2.0,0.0,16.4,3.5,6.0,0.583,1.5,3.5,0.429,1.5,2.0,0.75,3.0,3.0,6.0,1.0,1.0,0.5,0.0,1.5,10.0,11.5,16.0,11.0,17.0
105,Tim Hardaway Jr.,DEN,4.0,0.0,28.4,5.5,11.0,0.5,3.0,7.0,0.429,1.5,1.5,1.0,0.0,1.5,1.5,2.0,0.5,0.0,0.5,1.3,15.5,11.4,17.0,17.5,19.0
106,Brandon Miller,CHO,3.0,3.0,28.2,5.3,14.7,0.364,3.0,8.7,0.346,3.7,4.0,0.917,0.7,3.0,3.7,2.3,0.7,1.7,2.0,1.3,17.3,11.4,21.0,19.6,23.3
107,Noah Clowney,BRK,4.0,4.0,30.2,4.5,9.8,0.462,3.0,6.8,0.444,3.0,3.3,0.923,1.3,3.0,4.3,2.5,0.5,0.5,1.5,3.8,15.0,11.3,19.3,17.5,21.8
108,LeBron James,LAL,3.0,3.0,32.5,5.7,12.7,0.447,1.7,5.0,0.333,3.0,4.7,0.643,0.7,3.0,3.7,5.3,0.7,0.3,2.7,2.0,16.0,11.3,19.7,21.3,25.0
109,Davion Mitchell,MIA,4.0,4.0,30.6,2.8,5.8,0.478,1.0,2.3,0.444,0.8,1.0,0.75,0.5,1.8,2.3,10.0,1.5,0.0,1.3,2.8,7.3,11.3,9.6,17.3,19.6
110,Jakob Poeltl,TOR,3.0,3.0,30.2,4.3,6.3,0.684,0.0,0.0,,0.3,0.3,1.0,3.0,6.0,9.0,5.3,1.0,0.7,2.3,4.3,9.0,11.3,18.0,14.3,23.3
111,Kel'el Ware,MIA,4.0,0.0,22.3,4.5,7.3,0.621,1.3,2.0,0.625,1.0,1.0,1.0,2.5,6.3,8.8,0.5,1.0,1.0,1.5,2.3,11.3,11.3,20.1,11.8,20.6
112,Brandin Podziemski,GSW,3.0,2.0,29.6,5.7,11.7,0.486,2.7,5.7,0.471,1.3,2.3,0.571,0.7,3.7,4.3,4.0,1.0,0.0,2.0,3.0,15.3,11.2,19.6,19.3,23.6
113,Dylan Harper,SAS,5.0,0.0,18.8,4.8,9.8,0.49,0.6,2.0,0.3,3.0,4.0,0.75,1.2,0.6,1.8,3.2,1.6,0.0,1.0,1.6,13.2,11.1,15.0,16.4,18.2
114,Maxime Raynaud,SAC,4.0,0.0,21.4,5.0,8.8,0.571,0.8,1.3,0.6,2.5,3.0,0.833,1.5,3.0,4.5,1.5,0.5,0.8,0.8,2.8,13.3,11.1,17.8,14.8,19.3
115,Naz Reid,MIN,4.0,0.0,28.5,5.0,10.8,0.465,2.8,6.5,0.423,1.0,1.0,1.0,0.5,4.5,5.0,3.5,1.3,0.8,2.0,2.8,13.8,11.1,18.8,17.3,22.3
116,Paul George,PHI,3.0,3.0,22.4,5.3,12.3,0.432,2.3,6.0,0.389,0.7,0.7,1.0,0.7,4.3,5.0,2.0,2.7,0.0,1.3,1.7,13.7,11.0,18.7,15.7,20.7
117,Jalen Suggs,ORL,4.0,4.0,26.8,4.8,14.3,0.333,1.8,8.0,0.219,1.8,2.0,0.875,1.0,3.3,4.3,5.0,3.5,1.0,2.0,3.0,13.0,11.0,17.3,18.0,22.3
118,Santi Aldama,MEM,4.0,0.0,23.3,3.0,6.5,0.462,1.0,1.8,0.571,2.5,2.8,0.909,0.8,4.5,5.3,4.5,0.3,0.8,0.5,1.3,9.5,10.9,14.8,14.0,19.3
119,Jay Huff,IND,5.0,4.0,23.8,4.0,7.4,0.541,2.0,5.2,0.385,0.8,1.0,0.8,1.6,3.2,4.8,1.4,0.0,3.2,0.6,2.4,10.8,10.9,15.6,12.2,17.0
120,Russell Westbrook,SAC,4.0,4.0,28.0,5.0,13.0,0.385,1.8,5.3,0.333,0.8,1.5,0.5,1.8,5.8,7.5,8.3,1.8,0.0,3.8,2.3,12.5,10.9,20.0,20.8,28.3
121,Keyonte George,UTA,3.0,3.0,30.6,6.0,13.0,0.462,2.0,5.3,0.375,5.7,7.0,0.81,0.0,3.3,3.3,5.3,0.3,0.7,5.7,3.7,19.7,10.8,23.0,25.0,28.3
122,Spencer Jones,DEN,4.0,4.0,26.6,5.3,8.8,0.6,2.3,4.5,0.5,0.8,1.5,0.5,2.0,2.5,4.5,1.0,0.3,0.5,0.8,2.8,13.5,10.8,18.0,14.5,19.0
123,Onyeka Okongwu,ATL,5.0,4.0,34.1,6.6,14.4,0.458,1.6,6.6,0.242,0.2,0.8,0.25,1.8,5.8,7.6,3.8,0.8,1.2,2.4,3.6,15.0,10.8,22.6,18.8,26.4
124,Dominick Barlow,PHI,4.0,4.0,30.3,4.3,7.5,0.567,0.3,1.5,0.167,2.0,2.5,0.8,1.0,4.8,5.8,2.3,1.3,1.0,1.0,2.8,10.8,10.6,16.6,13.1,18.9
125,DeMar DeRozan,SAC,4.0,4.0,32.5,6.0,12.5,0.48,1.0,2.3,0.444,2.3,2.3,1.0,0.0,2.0,2.0,2.5,1.3,0.3,1.3,2.0,15.3,10.6,17.3,17.8,19.8
126,Jabari Smith Jr.,HOU,4.0,4.0,34.0,4.3,10.0,0.425,1.3,4.8,0.263,4.3,6.0,0.708,1.5,3.8,5.3,1.8,0.8,0.8,1.3,2.0,14.0,10.6,19.3,15.8,21.1
127,Klay Thompson,DAL,4.0,0.0,23.9,5.5,12.0,0.458,4.3,8.3,0.515,1.0,1.8,0.571,0.3,2.8,3.0,1.0,0.0,0.3,0.5,1.3,16.3,10.6,19.3,17.3,20.3
128,Kris Dunn,LAC,5.0,5.0,27.9,4.6,8.4,0.548,1.2,3.6,0.333,0.8,1.0,0.8,0.8,2.0,2.8,2.6,2.2,0.0,1.0,1.8,11.2,10.5,14.0,13.8,16.6
129,Egor Dёmin,BRK,3.0,3.0,27.4,5.0,12.7,0.395,2.7,7.3,0.364,1.3,1.3,1.0,0.7,2.7,3.3,4.3,1.3,1.3,2.3,2.3,14.0,10.4,17.3,18.3,21.6
130,Luke Kornet,SAS,5.0,5.0,27.2,2.2,4.6,0.478,0.0,0.0,,2.2,2.4,0.917,3.0,3.4,6.4,3.0,0.6,2.8,0.6,2.4,6.6,10.4,13.0,9.6,16.0
131,Harrison Barnes,SAS,5.0,5.0,32.8,5.0,12.6,0.397,2.4,6.6,0.364,1.6,2.0,0.8,1.8,2.8,4.6,2.4,1.4,0.0,1.2,1.8,14.0,10.3,18.6,16.4,21.0
132,Royce O'Neale,PHO,4.0,4.0,30.8,3.8,9.8,0.385,2.8,8.3,0.333,0.0,0.0,,0.8,5.3,6.0,4.3,1.8,0.5,1.0,2.0,10.3,10.3,16.3,14.6,20.6
133,Wendell Carter Jr.,ORL,4.0,4.0,28.2,3.5,7.3,0.483,0.8,2.8,0.273,2.8,3.5,0.786,2.5,6.0,8.5,1.8,0.8,0.8,1.3,2.8,10.5,10.2,19.0,12.3,20.8
134,Julian Champagnie,SAS,5.0,5.0,31.4,4.0,9.8,0.408,2.2,6.6,0.333,2.4,2.4,1.0,1.0,6.2,7.2,1.4,0.4,1.0,0.8,2.4,12.6,10.2,19.8,14.0,21.2
135,Robert Williams,POR,3.0,0.0,18.5,3.7,4.3,0.846,0.0,0.3,0.0,0.3,1.3,0.25,1.0,5.3,6.3,0.7,0.7,2.7,0.0,2.0,7.7,10.2,14.0,8.4,14.7
136,Miles Bridges,CHO,5.0,5.0,33.9,6.8,16.2,0.42,1.2,5.4,0.222,3.2,4.4,0.727,0.8,3.8,4.6,1.8,0.2,0.6,1.6,2.0,18.0,10.1,22.6,19.8,24.4
137,Ryan Kalkbrenner,CHO,5.0,4.0,26.0,2.8,3.6,0.778,0.0,0.0,,2.0,2.4,0.833,2.2,4.2,6.4,0.6,0.6,1.8,0.6,1.0,7.6,10.1,14.0,8.2,14.6
138,Zach LaVine,SAC,4.0,4.0,31.1,6.5,14.8,0.441,1.8,6.0,0.292,2.3,3.3,0.692,0.8,1.3,2.0,3.0,1.0,0.5,2.3,2.3,17.0,10.1,19.0,20.0,22.0
139,Jared McCain,PHI,4.0,0.0,26.9,5.3,11.8,0.447,2.3,5.8,0.391,0.8,1.0,0.75,0.5,2.5,3.0,2.5,1.8,0.0,1.3,1.3,13.5,10.1,16.5,16.0,19.0
140,Brandon Ingram,TOR,4.0,4.0,36.2,8.0,19.3,0.416,1.3,4.3,0.294,3.5,5.5,0.636,1.0,4.3,5.3,2.8,0.5,0.3,3.8,1.3,20.8,10.0,26.1,23.6,28.9
141,Matas Buzelis,CHI,4.0,4.0,33.0,4.8,11.8,0.404,1.3,5.5,0.227,2.0,3.5,0.571,1.8,4.3,6.0,3.0,1.3,1.5,2.0,2.0,12.8,9.9,18.8,15.8,21.8
142,Derik Queen,NOP,4.0,4.0,26.4,4.5,9.5,0.474,0.0,0.3,0.0,3.0,4.0,0.75,1.0,4.0,5.0,4.5,0.8,0.3,1.5,3.3,12.0,9.9,17.0,16.5,21.5
143,Duncan Robinson,DET,3.0,3.0,32.2,4.7,11.7,0.4,3.0,9.3,0.321,0.3,0.7,0.5,0.0,2.7,2.7,3.7,1.3,0.7,0.7,2.0,12.7,9.9,15.4,16.4,19.1
144,Myles Turner,MIL,5.0,5.0,25.9,4.2,9.4,0.447,1.6,5.6,0.286,2.4,3.0,0.8,0.8,3.2,4.0,1.8,0.4,1.4,0.6,2.6,12.4,9.8,16.4,14.2,18.2
145,Ace Bailey,UTA,3.0,3.0,25.5,5.0,9.3,0.536,2.3,5.0,0.467,0.0,0.0,,0.3,2.7,3.0,2.0,1.0,1.0,1.0,3.0,12.3,9.7,15.3,14.3,17.3
146,Jordan Goodwin,PHO,4.0,0.0,22.4,4.0,9.5,0.421,1.8,5.0,0.35,0.8,1.0,0.75,1.3,2.8,4.0,2.5,1.8,0.3,0.5,1.3,10.5,9.7,14.5,13.0,17.0
147,Jerami Grant,POR,4.0,4.0,33.2,6.0,15.3,0.393,2.5,7.3,0.345,2.0,2.5,0.8,1.0,3.0,4.0,3.0,1.0,1.3,2.5,3.8,16.5,9.6,20.5,19.5,23.5
148,Jaden McDaniels,MIN,4.0,4.0,30.5,4.8,9.3,0.514,2.0,3.3,0.615,0.5,0.5,1.0,1.5,3.0,4.5,2.8,0.8,0.5,1.3,4.0,12.0,9.6,16.5,14.8,19.3
149,Goga Bitadze,ORL,4.0,0.0,17.7,3.5,5.0,0.7,0.0,0.3,0.0,0.5,0.5,1.0,2.3,3.3,5.5,1.8,1.0,1.8,1.0,2.3,7.5,9.5,13.0,9.3,14.8
150,VJ Edgecombe,PHI,2.0,2.0,22.6,3.5,8.0,0.438,1.0,3.5,0.286,0.0,0.0,,1.0,3.0,4.0,4.0,2.0,1.0,0.5,2.5,8.0,9.4,12.0,12.0,16.0
151,Jose Alvarado,NOP,4.0,0.0,27.7,5.0,11.3,0.444,3.3,7.5,0.433,1.0,1.0,1.0,0.5,2.3,2.8,2.8,0.8,0.3,1.3,4.3,14.3,9.3,17.1,17.1,19.9
152,Kyle Filipowski,UTA,3.0,0.0,26.8,3.7,8.3,0.44,1.0,3.7,0.273,2.3,2.7,0.875,3.0,4.3,7.3,3.0,0.0,0.3,1.0,4.0,10.7,9.3,18.0,13.7,21.0
153,Shaedon Sharpe,POR,4.0,0.0,26.5,5.8,12.8,0.451,0.8,3.5,0.214,3.0,4.5,0.667,0.5,4.0,4.5,2.8,1.3,0.3,2.5,2.8,15.3,9.3,19.8,18.1,22.6
154,Isaiah Jackson,IND,5.0,1.0,18.6,3.6,4.4,0.818,0.0,0.0,,1.6,2.0,0.8,1.8,3.0,4.8,0.8,1.0,1.4,1.2,3.2,8.8,9.2,13.6,9.6,14.4
155,Kyle Kuzma,MIL,5.0,1.0,24.2,3.6,7.2,0.5,1.2,2.0,0.6,0.8,1.2,0.667,1.0,3.6,4.6,4.2,1.2,0.4,2.0,1.4,9.2,9.1,13.8,13.4,18.0
156,Svi Mykhailiuk,UTA,3.0,3.0,24.7,4.0,7.3,0.545,1.3,4.0,0.333,0.7,0.7,1.0,1.3,2.0,3.3,2.7,0.3,0.0,0.3,2.0,10.0,9.1,13.3,12.7,16.0
157,Xavier Tillman Sr.,BOS,1.0,1.0,29.8,4.0,9.0,0.444,1.0,5.0,0.2,0.0,0.0,,3.0,3.0,6.0,0.0,3.0,1.0,2.0,0.0,9.0,9.0,15.0,9.0,15.0
158,Donovan Clingan,POR,3.0,3.0,24.2,3.0,8.0,0.375,0.0,1.0,0.0,2.3,3.0,0.778,4.3,7.3,11.7,1.3,0.0,0.7,1.0,1.0,8.3,8.9,20.0,9.6,21.3
159,Ajay Mitchell,OKC,4.0,1.0,22.3,3.5,6.8,0.519,0.8,2.0,0.375,2.3,3.0,0.75,0.3,2.5,2.8,3.0,0.5,0.0,0.5,1.3,10.0,8.9,12.8,13.0,15.8
160,Ryan Dunn,PHO,1.0,0.0,20.6,3.0,5.0,0.6,0.0,2.0,0.0,0.0,0.0,,2.0,6.0,8.0,1.0,2.0,0.0,0.0,2.0,6.0,8.8,14.0,7.0,15.0
161,Gary Payton II,GSW,3.0,0.0,18.8,4.7,8.0,0.583,1.0,1.3,0.75,0.3,0.3,1.0,1.7,4.0,5.7,3.0,0.0,0.0,1.7,2.3,10.7,8.8,16.4,13.7,19.4
162,Ayo Dosunmu,CHI,4.0,3.0,32.9,4.8,11.5,0.413,2.5,4.5,0.556,1.5,1.8,0.857,0.3,2.5,2.8,3.5,1.0,0.3,2.0,2.8,13.5,8.7,16.3,17.0,19.8
163,Darius Garland,CLE,3.0,3.0,31.2,5.0,14.3,0.349,2.0,6.7,0.3,2.0,3.0,0.667,0.7,2.7,3.3,7.3,0.3,0.3,3.0,2.3,14.0,8.6,17.3,21.3,24.6
164,Tyrese Proctor,CLE,2.0,0.0,16.3,3.0,6.5,0.462,2.5,5.0,0.5,1.5,2.0,0.75,0.5,1.0,1.5,2.0,0.5,0.0,0.0,1.5,10.0,8.4,11.5,12.0,13.5
165,Tristan Vukcevic,WAS,4.0,0.0,16.8,3.5,6.0,0.583,0.5,1.8,0.286,3.5,4.8,0.737,0.5,1.8,2.3,2.0,0.8,0.5,1.8,2.3,11.0,8.4,13.3,13.0,15.3
166,Justin Champagnie,WAS,4.0,1.0,18.0,2.5,5.3,0.476,0.5,2.0,0.25,1.3,1.3,1.0,2.5,3.0,5.5,1.0,1.0,1.0,0.8,0.3,6.8,8.3,12.3,7.8,13.3
167,Vince Williams Jr.,MEM,4.0,4.0,27.9,3.5,10.8,0.326,1.0,4.8,0.211,0.8,1.5,0.5,0.5,3.0,3.5,9.0,1.3,1.3,3.0,1.8,8.8,8.3,12.3,17.8,21.3
168,Jordan Walsh,BOS,4.0,4.0,26.3,2.8,4.8,0.579,0.5,1.8,0.286,1.3,1.5,0.833,3.0,3.3,6.3,1.5,1.5,0.5,1.3,3.8,7.3,8.2,13.6,8.8,15.1
169,Kon Knueppel,CHO,5.0,5.0,33.4,4.8,14.0,0.343,2.2,7.6,0.289,2.0,2.2,0.909,0.6,4.4,5.0,3.6,0.6,0.0,2.0,1.6,13.8,8.1,18.8,17.4,22.4
170,Zaccharie Risacher,ATL,5.0,5.0,28.3,4.4,9.4,0.468,1.6,4.6,0.348,1.2,1.6,0.75,0.4,2.4,2.8,1.0,1.4,0.8,1.2,2.4,11.6,8.1,14.4,12.6,15.4
171,Jordan Hawkins,NOP,2.0,0.0,18.7,4.0,8.0,0.5,3.0,5.5,0.545,1.0,1.5,0.667,0.0,0.5,0.5,0.5,0.5,0.5,1.0,0.5,12.0,8.0,12.5,12.5,13.0
172,Kris Murray,POR,3.0,1.0,30.1,3.3,6.0,0.556,1.7,3.3,0.5,0.3,0.7,0.5,2.0,2.0,4.0,1.7,1.0,0.3,1.7,1.0,8.7,8.0,12.7,10.4,14.4
173,Marcus Smart,LAL,1.0,0.0,20.1,3.0,5.0,0.6,1.0,1.0,1.0,0.0,0.0,,2.0,1.0,3.0,3.0,1.0,1.0,1.0,3.0,7.0,8.0,10.0,10.0,13.0
174,Dru Smith,MIA,4.0,0.0,17.2,2.5,5.3,0.476,1.0,2.8,0.364,1.3,1.5,0.833,1.0,2.0,3.0,2.8,1.5,0.8,0.8,2.5,7.3,8.0,10.3,10.1,13.1
175,Precious Achiuwa,SAC,4.0,0.0,21.6,4.0,7.8,0.516,0.5,0.8,0.667,0.8,2.5,0.3,2.3,3.3,5.5,1.0,0.8,0.5,0.3,2.3,9.3,7.9,14.8,10.3,15.8
176,Brice Sensabaugh,UTA,3.0,0.0,20.7,3.0,8.3,0.36,1.0,3.7,0.273,3.3,4.3,0.769,1.3,1.7,3.0,1.0,1.3,0.7,0.7,1.7,10.3,7.9,13.3,11.3,14.3
177,Danny Wolf,BRK,4.0,0.0,21.7,3.8,8.0,0.469,2.0,4.3,0.471,1.8,2.0,0.875,1.3,3.8,5.0,2.3,0.0,0.3,2.0,2.3,11.3,7.9,16.3,13.6,18.6
178,Jamaree Bouyea,PHO,4.0,0.0,17.5,3.0,4.8,0.632,1.3,2.5,0.5,0.3,0.5,0.5,0.3,1.3,1.5,2.0,1.0,0.3,0.3,1.0,7.5,7.8,9.0,9.5,11.0
179,Bennedict Mathurin,IND,5.0,5.0,31.2,5.8,13.8,0.42,2.8,6.2,0.452,1.6,2.2,0.727,0.4,4.0,4.4,2.6,0.8,0.0,3.8,2.2,16.0,7.8,20.4,18.6,23.0
180,Sam Hauser,BOS,4.0,1.0,25.2,3.0,6.5,0.462,2.0,5.0,0.4,0.0,0.0,,0.8,3.3,4.0,2.0,0.8,0.3,0.0,2.0,8.0,7.7,12.0,10.0,14.0
181,Jaxson Hayes,LAL,4.0,1.0,19.2,2.8,3.3,0.846,0.0,0.0,,1.5,2.0,0.75,1.0,2.5,3.5,1.5,0.3,1.0,0.5,2.3,7.0,7.7,10.5,8.5,12.0
182,Micah Peavy,NOP,4.0,0.0,25.7,3.8,8.3,0.455,0.8,2.5,0.3,1.5,1.8,0.857,1.5,1.5,3.0,1.5,1.3,0.0,0.8,1.8,9.8,7.7,12.8,11.3,14.3
183,Ausar Thompson,DET,5.0,5.0,26.9,3.2,7.0,0.457,0.2,0.4,0.5,2.2,3.2,0.688,2.6,4.6,7.2,2.6,1.2,0.4,2.2,3.4,8.8,7.7,16.0,11.4,18.6
184,Jarrett Allen,CLE,1.0,1.0,28.0,3.0,6.0,0.5,0.0,0.0,,2.0,2.0,1.0,3.0,5.0,8.0,1.0,0.0,1.0,2.0,1.0,8.0,7.6,16.0,9.0,17.0
185,Oso Ighodaro,PHO,4.0,1.0,22.4,3.3,4.0,0.813,0.0,0.0,,0.0,1.8,0.0,1.0,3.5,4.5,2.0,1.5,0.3,0.5,2.5,6.5,7.6,11.0,8.5,13.0
186,Trey Alexander,NOP,2.0,0.0,16.4,3.0,3.5,0.857,1.0,1.0,1.0,0.0,0.0,,0.0,2.0,2.0,2.0,0.5,0.5,0.5,1.5,7.0,7.5,9.0,9.0,11.0
187,Grayson Allen,PHO,1.0,1.0,25.8,4.0,11.0,0.364,2.0,7.0,0.286,0.0,0.0,,1.0,0.0,1.0,3.0,2.0,0.0,0.0,3.0,10.0,7.5,11.0,13.0,14.0
188,Paul Reed,DET,3.0,0.0,10.7,3.0,4.7,0.643,0.7,1.3,0.5,1.0,1.3,0.75,1.7,3.3,5.0,1.0,0.3,0.7,1.3,0.7,7.7,7.5,12.7,8.7,13.7
189,Jericho Sims,MIL,4.0,0.0,22.1,3.0,3.3,0.923,0.0,0.0,,0.5,0.8,0.667,3.0,4.8,7.8,1.3,0.3,0.0,1.3,3.0,6.5,7.5,14.3,7.8,15.6
190,Bryce McGowens,NOP,4.0,3.0,24.8,3.8,8.0,0.469,1.5,2.8,0.545,1.0,1.8,0.571,0.3,3.0,3.3,2.3,0.5,0.3,0.5,2.5,10.0,7.4,13.3,12.3,15.6
191,Tidjane Salaün,CHO,2.0,0.0,20.3,4.0,7.0,0.571,2.0,4.0,0.5,1.5,2.5,0.6,0.0,4.0,4.0,0.0,1.0,0.0,2.0,1.5,11.5,7.4,15.5,11.5,15.5
192,Draymond Green,GSW,3.0,3.0,31.5,3.3,9.3,0.357,1.7,6.7,0.25,0.7,0.7,1.0,0.7,8.3,9.0,5.3,0.3,1.0,2.7,4.0,9.0,7.3,18.0,14.3,23.3
193,Anfernee Simons,BOS,4.0,0.0,20.1,4.0,8.5,0.471,1.3,3.8,0.333,0.8,1.0,0.75,0.5,0.5,1.0,2.5,0.3,0.3,0.5,1.0,10.0,7.3,11.0,12.5,13.5
194,Isaiah Joe,OKC,4.0,0.0,17.2,3.3,6.3,0.52,2.0,4.3,0.471,1.3,1.3,1.0,0.5,2.3,2.8,1.3,0.0,0.0,0.8,1.8,9.8,7.1,12.6,11.1,13.9
195,Jase Richardson,ORL,2.0,0.0,13.0,2.5,5.0,0.5,0.5,1.0,0.5,2.0,2.0,1.0,1.0,1.5,2.5,1.5,1.0,0.0,0.5,1.5,7.5,7.1,10.0,9.0,11.5
196,Jonas Valančiūnas,DEN,4.0,0.0,12.3,3.3,5.3,0.619,0.0,0.0,,1.0,1.3,0.8,1.3,4.0,5.3,1.5,0.3,0.3,0.8,1.8,7.5,7.1,12.8,9.0,14.3
197,Sandro Mamukelashvili,TOR,4.0,0.0,20.4,3.5,7.8,0.452,0.3,2.0,0.125,1.5,2.0,0.75,1.5,3.5,5.0,0.8,0.3,0.8,0.5,1.0,8.8,7.0,13.8,9.6,14.6
198,Will Richard,GSW,3.0,2.0,24.3,3.3,7.0,0.476,1.3,4.3,0.308,0.7,0.7,1.0,1.0,3.0,4.0,0.7,0.7,0.0,0.0,2.0,8.7,7.0,12.7,9.4,13.4
199,Clint Capela,HOU,4.0,0.0,12.7,2.0,4.3,0.471,0.0,0.0,,0.5,0.5,1.0,4.0,2.0,6.0,0.8,0.8,0.8,0.3,1.0,4.5,6.9,10.5,5.3,11.3
200,Moussa Diabaté,CHO,5.0,1.0,21.3,2.4,4.2,0.571,0.0,0.0,,0.6,0.8,0.75,2.6,4.4,7.0,1.4,1.2,0.6,0.8,3.4,5.4,6.9,12.4,6.8,13.8
201,De'Andre Hunter,CLE,4.0,4.0,29.2,4.0,9.5,0.421,1.5,5.3,0.286,2.3,3.0,0.75,0.3,3.0,3.3,1.8,0.8,0.0,1.5,3.0,11.8,6.8,15.1,13.6,16.9
202,Jaime Jaquez Jr.,MIA,3.0,0.0,19.9,3.0,8.7,0.346,0.3,1.3,0.25,1.7,2.0,0.833,2.3,1.7,4.0,3.7,1.3,0.3,1.7,2.3,8.0,6.7,12.0,11.7,15.7
203,Cason Wallace,OKC,4.0,4.0,28.3,3.3,7.0,0.464,1.0,3.3,0.308,0.0,0.5,0.0,0.8,3.3,4.0,2.5,1.5,0.3,1.0,2.3,7.5,6.7,11.5,10.0,14.0
204,Ron Holland,DET,5.0,0.0,16.2,3.0,6.0,0.5,0.2,1.4,0.143,1.4,1.4,1.0,0.8,1.0,1.8,1.0,1.6,0.0,0.8,1.0,7.6,6.6,9.4,8.6,10.4
205,Ben Sheppard,IND,5.0,3.0,22.8,2.6,4.6,0.565,2.0,3.4,0.588,0.2,0.4,0.5,0.2,3.2,3.4,2.0,0.6,0.0,1.2,1.2,7.4,6.6,10.8,9.4,12.8
206,Nae'Qwan Tomlin,CLE,4.0,0.0,19.1,2.3,4.5,0.5,0.5,1.8,0.286,1.3,1.5,0.833,1.3,2.0,3.3,0.5,1.3,1.3,0.3,2.5,6.3,6.6,9.6,6.8,10.1
207,Thomas Bryant,CLE,3.0,0.0,10.4,2.3,4.3,0.538,1.0,2.0,0.5,1.7,2.0,0.833,0.3,3.0,3.3,0.0,0.3,0.7,0.0,1.3,7.3,6.5,10.6,7.3,10.6
208,Jock Landale,MEM,4.0,0.0,16.6,4.0,8.8,0.457,0.8,1.8,0.429,0.8,1.5,0.5,3.0,2.0,5.0,1.0,0.0,0.3,1.0,2.0,9.5,6.5,14.5,10.5,15.5
209,Jarace Walker,IND,5.0,3.0,24.2,2.8,7.4,0.378,1.0,4.2,0.238,2.4,3.0,0.8,0.2,5.0,5.2,1.4,0.8,0.6,1.6,1.2,9.0,6.5,14.2,10.4,15.6
210,Eric Gordon,PHI,2.0,0.0,17.6,2.5,4.0,0.625,1.5,2.0,0.75,0.0,0.0,,0.5,0.5,1.0,1.0,1.0,0.0,0.5,0.0,6.5,6.4,7.5,7.5,8.5
211,Isaiah Stewart,DET,5.0,1.0,21.2,2.8,4.8,0.583,0.4,0.8,0.5,0.8,1.6,0.5,2.0,5.4,7.4,0.6,0.2,1.8,1.4,3.4,6.8,6.4,14.2,7.4,14.8
212,Adem Bona,PHI,3.0,0.0,22.2,2.7,3.7,0.727,0.3,0.7,0.5,1.3,1.3,1.0,2.0,2.7,4.7,0.0,0.0,2.0,1.3,3.7,7.0,6.3,11.7,7.0,11.7
213,Andre Drummond,PHI,4.0,3.0,14.0,2.3,4.3,0.529,0.8,1.3,0.6,0.8,0.8,1.0,2.0,4.8,6.8,1.0,0.3,1.0,1.0,2.8,6.0,6.3,12.8,7.0,13.8
214,John Konchar,MEM,4.0,0.0,13.6,2.3,3.0,0.75,0.8,1.3,0.6,0.3,0.3,1.0,0.0,2.3,2.3,1.3,0.5,0.5,0.0,1.0,5.5,6.3,7.8,6.8,9.1
215,Pat Spencer,GSW,3.0,0.0,14.2,3.3,6.0,0.556,0.3,0.7,0.5,0.0,0.0,,0.7,1.0,1.7,2.7,0.3,0.0,0.0,2.0,7.0,6.3,8.7,9.7,11.4
216,Mouhamed Gueye,ATL,5.0,1.0,21.9,2.8,5.2,0.538,0.2,1.0,0.2,0.8,1.6,0.5,0.8,3.0,3.8,0.6,1.4,0.8,0.6,2.0,6.6,6.2,10.4,7.2,11.0
217,Tyrese Martin,BRK,4.0,3.0,20.3,3.8,8.8,0.429,1.0,4.3,0.235,0.0,0.0,,0.8,2.0,2.8,1.8,1.0,0.0,0.5,1.3,8.5,6.2,11.3,10.3,13.1
218,Josh Minott,BOS,4.0,0.0,18.7,2.3,5.0,0.45,1.5,2.8,0.545,0.3,0.3,1.0,2.0,2.8,4.8,0.8,0.5,0.8,0.8,1.3,6.3,6.2,11.1,7.1,11.9
219,Quinten Post,GSW,3.0,1.0,18.9,3.0,6.0,0.5,1.0,3.7,0.273,0.7,1.0,0.667,1.3,2.0,3.3,1.0,1.0,0.7,0.7,3.3,7.7,6.2,11.0,8.7,12.0
220,Kyle Anderson,UTA,1.0,0.0,24.6,3.0,7.0,0.429,1.0,1.0,1.0,0.0,0.0,,0.0,0.0,0.0,3.0,3.0,1.0,1.0,5.0,7.0,6.1,7.0,10.0,10.0
221,Isaiah Collier,UTA,3.0,0.0,17.5,1.3,3.3,0.4,0.3,1.3,0.25,1.7,2.7,0.625,0.3,0.7,1.0,5.0,0.7,0.7,1.3,0.3,4.7,6.1,5.7,9.7,10.7
222,D'Angelo Russell,DAL,2.0,0.0,16.7,3.5,7.5,0.467,2.0,5.0,0.4,0.0,0.0,,0.5,1.0,1.5,2.0,0.0,0.0,0.5,1.5,9.0,6.1,10.5,11.0,12.5
223,Aaron Wiggins,OKC,2.0,0.0,21.0,3.0,6.0,0.5,1.0,4.0,0.25,1.0,1.0,1.0,0.5,1.5,2.0,2.0,1.5,0.5,2.0,2.5,8.0,6.1,10.0,10.0,12.0
224,Bobby Portis,MIL,5.0,0.0,21.4,4.0,10.8,0.37,1.6,4.8,0.333,0.4,0.8,0.5,1.0,4.2,5.2,2.0,0.2,0.0,1.0,1.2,10.0,6.0,15.2,12.0,17.2
225,Brandon Williams,DAL,4.0,0.0,19.2,3.0,9.3,0.324,0.3,2.5,0.1,2.3,3.0,0.75,0.3,1.3,1.5,4.0,1.0,0.3,1.0,1.5,8.5,5.9,10.0,12.5,14.0
226,Jaylin Williams,OKC,4.0,0.0,17.2,2.0,4.5,0.444,1.0,3.3,0.308,2.0,2.8,0.727,0.5,5.5,6.0,1.3,0.5,0.8,1.5,2.3,7.0,5.9,13.0,8.3,14.3
227,Tyler Kolek,NYK,5.0,0.0,13.6,2.2,4.8,0.458,0.8,2.2,0.364,0.4,0.4,1.0,0.6,0.6,1.2,3.0,0.8,0.2,0.6,1.0,5.6,5.8,6.8,8.6,9.8
228,Terance Mann,BRK,2.0,2.0,28.5,3.5,8.5,0.412,0.5,3.5,0.143,1.5,1.5,1.0,1.0,1.5,2.5,3.5,1.0,0.0,2.5,2.0,9.0,5.8,11.5,12.5,15.0
229,Dalen Terry,CHI,1.0,0.0,18.0,3.0,6.0,0.5,0.0,1.0,0.0,0.0,0.0,,2.0,3.0,5.0,1.0,2.0,0.0,1.0,3.0,6.0,5.8,11.0,7.0,12.0
230,Jabari Walker,PHI,3.0,0.0,19.2,3.3,6.3,0.526,1.0,2.7,0.375,0.0,0.7,0.0,1.7,4.7,6.3,1.0,0.0,0.7,1.0,3.0,7.7,5.8,14.0,8.7,15.0
231,Collin Murray-Boyles,TOR,4.0,1.0,14.9,2.5,4.0,0.625,0.0,1.0,0.0,0.5,1.3,0.4,2.5,1.8,4.3,1.3,1.0,0.0,1.0,2.3,5.5,5.7,9.8,6.8,11.1
232,Bruce Brown,DEN,4.0,0.0,23.1,3.0,7.5,0.4,0.3,1.5,0.167,0.8,1.3,0.6,1.3,2.3,3.5,3.3,0.3,0.5,0.8,2.0,7.0,5.6,10.5,10.3,13.8
233,Rui Hachimura,LAL,4.0,4.0,30.9,4.3,9.3,0.459,1.8,4.5,0.389,0.0,0.0,,1.0,1.5,2.5,0.0,0.3,0.0,0.8,1.3,10.3,5.6,12.8,10.3,12.8
234,Vit Krejci,ATL,5.0,0.0,20.0,2.6,7.0,0.371,1.6,5.4,0.296,0.6,0.8,0.75,0.8,1.8,2.6,1.8,1.2,0.6,1.4,1.2,7.4,5.6,10.0,9.2,11.8
235,Ben Saraf,BRK,3.0,0.0,20.8,2.7,6.7,0.4,1.3,4.3,0.308,1.0,1.3,0.75,0.3,0.7,1.0,3.7,1.0,0.7,2.7,0.3,7.7,5.6,8.7,11.4,12.4
236,Jae'Sean Tate,HOU,4.0,0.0,9.6,2.0,2.8,0.727,0.5,1.0,0.5,0.5,0.5,1.0,1.8,1.0,2.8,0.5,0.5,0.0,0.0,1.8,5.0,5.6,7.8,5.5,8.3
237,Trendon Watford,PHI,1.0,0.0,10.7,2.0,2.0,1.0,0.0,0.0,,4.0,4.0,1.0,0.0,1.0,1.0,1.0,0.0,0.0,2.0,2.0,8.0,5.6,9.0,9.0,10.0
238,Tristan Da Silva,ORL,4.0,4.0,21.1,3.0,6.3,0.48,1.0,3.5,0.286,0.5,0.5,1.0,0.0,3.3,3.3,1.0,1.0,0.5,1.0,2.3,7.5,5.5,10.8,8.5,11.8
239,Caleb Love,POR,4.0,0.0,17.8,3.3,9.3,0.351,1.8,5.5,0.318,1.3,1.5,0.833,0.3,1.3,1.5,1.0,0.8,0.0,0.3,1.5,9.5,5.4,11.0,10.5,12.0
240,Mitchell Robinson,NYK,4.0,0.0,17.2,1.0,1.8,0.571,0.0,0.0,,0.3,2.0,0.125,3.5,4.5,8.0,0.5,1.3,0.3,0.5,1.0,2.3,5.4,10.3,2.8,10.8
241,Sion James,CHO,5.0,2.0,27.0,1.6,4.8,0.333,1.0,3.8,0.263,2.0,2.0,1.0,0.8,2.2,3.0,1.2,0.4,1.0,0.8,1.4,6.2,5.3,9.2,7.4,10.4
242,Max Christie,DAL,4.0,4.0,27.3,3.0,7.5,0.4,2.3,6.0,0.375,0.5,0.5,1.0,0.3,1.5,1.8,1.3,0.0,0.0,0.8,0.8,8.8,5.2,10.6,10.1,11.9
243,Walter Clayton,UTA,3.0,0.0,15.9,2.0,5.0,0.4,0.3,2.0,0.167,1.0,1.0,1.0,0.0,2.7,2.7,4.0,1.0,0.0,1.3,1.7,5.3,5.2,8.0,9.3,12.0
244,Caris LeVert,DET,4.0,0.0,23.8,2.8,8.5,0.324,1.8,4.5,0.389,1.5,2.5,0.6,0.5,1.5,2.0,2.0,0.8,0.5,1.0,1.5,8.8,5.2,10.8,10.8,12.8
245,Garrison Mathews,IND,5.0,0.0,15.0,1.6,3.4,0.471,1.2,3.0,0.4,2.2,2.8,0.786,0.2,0.2,0.4,0.6,0.4,0.2,0.2,1.0,6.6,5.2,7.0,7.2,7.6
246,Jordan Miller,LAC,1.0,0.0,5.5,1.0,3.0,0.333,0.0,1.0,0.0,4.0,4.0,1.0,0.0,1.0,1.0,0.0,1.0,0.0,0.0,1.0,6.0,5.2,7.0,6.0,7.0
247,Dwight Powell,DAL,4.0,1.0,14.0,1.3,1.5,0.833,0.0,0.0,,0.8,1.3,0.6,0.3,2.0,2.3,1.8,1.5,0.5,0.3,2.3,3.3,5.2,5.6,5.1,7.4
248,Terrence Shannon Jr.,MIN,4.0,0.0,13.6,2.5,4.3,0.588,1.3,2.8,0.455,2.3,3.0,0.75,0.0,0.5,0.5,0.8,0.0,0.0,1.0,1.8,8.5,5.2,9.0,9.3,9.8
249,Ja'Kobe Walter,TOR,4.0,3.0,24.7,2.5,6.3,0.4,1.5,3.8,0.4,0.5,0.5,1.0,1.3,3.0,4.3,0.8,0.8,0.5,0.8,2.8,7.0,5.2,11.3,7.8,12.1
250,Luguentz Dort,OKC,3.0,3.0,29.9,3.0,7.7,0.391,1.3,5.3,0.25,0.0,0.0,,0.3,2.7,3.0,1.0,1.7,1.0,0.7,3.7,7.3,5.1,10.3,8.3,11.3
251,Yves Missi,NOP,3.0,1.0,24.5,2.7,5.7,0.471,0.0,0.0,,0.3,0.7,0.5,3.3,4.0,7.3,1.3,0.0,1.0,1.7,2.7,5.7,5.1,13.0,7.0,14.3
252,Kobe Sanders,LAC,5.0,0.0,18.5,2.2,5.0,0.44,0.6,2.0,0.3,2.2,2.2,1.0,0.4,1.6,2.0,2.0,0.4,0.0,1.2,2.0,7.2,5.1,9.2,9.2,11.2
253,Bilal Coulibaly,WAS,4.0,4.0,30.6,2.5,7.3,0.345,0.8,3.8,0.2,1.5,2.3,0.667,0.3,4.0,4.3,2.5,1.8,1.0,2.3,3.0,7.3,5.0,11.6,9.8,14.1
254,Stephen Curry,GSW,1.0,1.0,32.8,4.0,13.0,0.308,2.0,9.0,0.222,4.0,4.0,1.0,1.0,5.0,6.0,5.0,0.0,2.0,7.0,4.0,14.0,5.0,20.0,19.0,25.0
255,Kyshawn George,WAS,3.0,3.0,30.3,2.7,9.3,0.286,2.0,4.7,0.429,1.0,1.3,0.75,0.3,4.3,4.7,4.7,0.3,0.7,2.0,3.3,8.3,5.0,13.0,13.0,17.7
256,Luke Kennard,ATL,5.0,0.0,16.7,2.0,5.0,0.4,1.2,3.2,0.375,0.8,0.8,1.0,0.4,1.4,1.8,3.2,0.2,0.0,1.0,1.0,6.0,5.0,7.8,9.2,11.0
257,Will Riley,WAS,3.0,0.0,12.9,2.3,4.0,0.583,0.7,1.3,0.5,0.3,0.7,0.5,1.3,1.3,2.7,0.3,0.3,0.0,0.3,0.7,5.7,5.0,8.4,6.0,8.7
258,Aaron Holiday,HOU,4.0,0.0,24.8,3.3,10.3,0.317,2.5,7.5,0.333,1.5,2.0,0.75,0.5,1.5,2.0,2.0,0.3,0.0,1.0,2.5,10.5,4.9,12.5,12.5,14.5
259,Tyus Jones,ORL,4.0,0.0,15.0,1.3,2.8,0.455,0.8,2.0,0.375,0.5,0.5,1.0,0.0,0.5,0.5,3.0,1.0,0.0,0.3,1.0,3.8,4.9,4.3,6.8,7.3
260,Pelle Larsson,MIA,4.0,1.0,19.1,1.8,5.5,0.318,1.0,3.3,0.308,1.5,1.8,0.857,0.5,0.8,1.3,2.5,0.5,0.3,0.5,1.0,6.0,4.9,7.3,8.5,9.8
261,Mike Conley,MIN,4.0,0.0,15.1,1.5,3.8,0.4,0.8,2.5,0.3,0.8,0.8,1.0,0.5,1.0,1.5,2.3,0.3,0.0,0.0,0.5,4.5,4.8,6.0,6.8,8.3
262,Simone Fontecchio,MIA,3.0,0.0,16.1,1.7,5.7,0.294,1.0,4.7,0.214,1.3,1.7,0.8,0.0,3.0,3.0,2.0,0.3,0.3,0.3,0.0,5.7,4.8,8.7,7.7,10.7
263,Kevin Huerter,CHI,3.0,3.0,20.8,3.3,8.3,0.4,1.3,4.7,0.286,0.7,0.7,1.0,0.0,1.7,1.7,1.7,0.3,0.0,0.7,1.7,8.7,4.8,10.4,10.4,12.1
264,Cam Whitmore,WAS,4.0,0.0,15.2,3.3,8.0,0.406,0.3,2.5,0.1,0.5,1.0,0.5,1.8,1.5,3.3,0.3,0.5,0.8,0.5,0.8,7.3,4.8,10.6,7.6,10.9
265,Tony Bradley,IND,3.0,0.0,9.4,2.0,3.3,0.6,0.0,0.0,,2.0,2.7,0.75,1.3,0.7,2.0,0.3,0.0,0.3,0.7,1.0,6.0,4.7,8.0,6.3,8.3
266,Jonathan Kuminga,GSW,2.0,0.0,17.3,3.5,9.0,0.389,1.5,4.0,0.375,0.5,1.0,0.5,2.0,2.0,4.0,1.5,0.0,0.5,2.0,1.5,9.0,4.7,13.0,10.5,14.5
267,Moses Moody,GSW,3.0,3.0,23.9,2.3,8.3,0.28,1.3,5.7,0.235,1.7,1.7,1.0,2.0,2.0,4.0,0.7,0.7,0.7,1.0,1.7,7.7,4.7,11.7,8.4,12.4
268,Jalen Wilson,BRK,2.0,0.0,13.2,2.0,6.0,0.333,0.5,3.5,0.143,2.0,2.5,0.8,0.0,1.5,1.5,1.5,0.5,0.0,0.0,0.5,6.5,4.7,8.0,8.0,9.5
269,Drake Powell,BRK,4.0,0.0,19.7,1.8,4.0,0.438,0.8,2.3,0.333,1.3,1.3,1.0,0.0,1.3,1.3,2.0,0.8,0.3,1.0,1.3,5.5,4.6,6.8,7.5,8.8
270,Dalton Knecht,LAL,3.0,0.0,11.4,2.0,3.7,0.545,1.3,2.7,0.5,0.3,0.7,0.5,0.0,1.7,1.7,1.0,0.0,0.3,0.0,1.7,5.7,4.5,7.4,6.7,8.4
271,Day'Ron Sharpe,BRK,4.0,0.0,15.1,1.5,4.3,0.353,0.5,1.0,0.5,1.8,3.3,0.538,1.3,3.8,5.0,1.5,0.5,0.8,1.3,1.5,5.3,4.5,10.3,6.8,11.8
272,Bub Carrington,WAS,4.0,0.0,23.8,2.8,8.0,0.344,1.8,5.0,0.35,0.5,0.5,1.0,0.5,2.5,3.0,4.3,0.0,0.0,2.5,1.0,7.8,4.4,10.8,12.1,15.1
273,Gary Trent Jr.,MIL,5.0,2.0,27.5,2.6,7.6,0.342,2.2,6.6,0.333,0.6,0.6,1.0,0.2,0.8,1.0,1.2,0.4,0.2,0.8,0.8,8.0,4.4,9.0,9.2,10.2
274,Kevon Looney,NOP,3.0,0.0,12.5,1.7,2.3,0.714,0.0,0.0,,0.0,0.0,,1.3,2.3,3.7,1.3,0.7,0.0,0.3,2.7,3.3,4.2,7.0,4.6,8.3
275,Craig Porter Jr.,CLE,3.0,0.0,14.5,1.3,3.0,0.444,0.0,0.7,0.0,0.0,0.0,,1.7,1.3,3.0,2.3,0.7,1.0,0.7,2.0,2.7,4.2,5.7,5.0,8.0
276,Ziaire Williams,BRK,4.0,2.0,23.4,3.0,7.8,0.387,1.8,5.5,0.318,0.0,0.0,,1.3,2.8,4.0,1.3,0.5,0.3,2.0,1.5,7.8,4.2,11.8,9.1,13.1
277,Liam McNeeley,CHO,5.0,0.0,14.1,1.8,3.8,0.474,1.0,2.2,0.455,1.0,1.2,0.833,0.4,1.4,1.8,0.4,0.2,0.2,0.2,1.4,5.6,4.1,7.4,6.0,7.8
278,Antonio Reeves,CHO,2.0,0.0,12.5,2.0,3.5,0.571,1.0,2.0,0.5,0.0,0.0,,0.0,1.0,1.0,0.5,0.5,0.0,0.0,1.0,5.0,4.1,6.0,5.5,6.5
279,Tyson Etienne,BRK,1.0,0.0,4.9,2.0,2.0,1.0,2.0,2.0,1.0,0.0,0.0,,0.0,0.0,0.0,0.0,0.0,0.0,1.0,1.0,6.0,4.0,6.0,6.0,6.0
280,Jett Howard,ORL,2.0,0.0,10.9,2.5,5.5,0.455,0.5,2.5,0.2,1.0,1.0,1.0,0.5,1.0,1.5,0.5,0.0,0.0,0.5,0.5,6.5,4.0,8.0,7.0,8.5
281,Kobe Brown,LAC,5.0,0.0,16.9,1.8,4.4,0.409,0.4,2.4,0.167,0.2,0.4,0.5,0.8,1.8,2.6,1.4,0.8,0.4,0.6,1.2,4.2,3.8,6.8,5.6,8.2
282,Buddy Hield,GSW,3.0,0.0,20.1,2.3,9.3,0.25,1.3,6.3,0.211,1.0,1.0,1.0,1.0,1.7,2.7,1.3,1.0,0.0,0.3,1.0,7.0,3.8,9.7,8.3,11.0
283,Lonzo Ball,CLE,2.0,0.0,20.3,1.0,6.5,0.154,1.0,6.0,0.167,0.0,0.0,,1.5,4.5,6.0,3.0,1.0,0.0,0.5,0.5,3.0,3.7,9.0,6.0,12.0
284,Kentavious Caldwell-Pope,MEM,4.0,0.0,17.9,2.3,6.0,0.375,1.5,3.8,0.4,0.8,0.8,1.0,0.8,2.0,2.8,2.0,0.3,0.3,2.5,0.5,6.8,3.7,9.6,8.8,11.6
285,Jeremy Sochan,SAS,5.0,0.0,14.7,2.2,5.2,0.423,0.0,0.8,0.0,0.2,0.6,0.333,2.0,1.6,3.6,0.8,0.8,0.0,0.4,2.0,4.6,3.7,8.2,5.4,9.0
286,Julian Phillips,CHI,3.0,1.0,17.0,2.0,4.3,0.462,0.7,2.3,0.286,0.3,0.7,0.5,1.0,0.3,1.3,0.3,1.0,0.0,0.0,2.7,5.0,3.6,6.3,5.3,6.6
287,Jalen Smith,CHI,1.0,0.0,17.5,3.0,5.0,0.6,0.0,2.0,0.0,0.0,0.0,,1.0,4.0,5.0,0.0,0.0,0.0,2.0,0.0,6.0,3.6,11.0,6.0,11.0
288,Keaton Wallace,ATL,5.0,0.0,14.3,1.0,3.4,0.294,0.8,2.2,0.364,0.4,0.4,1.0,0.0,1.4,1.4,3.4,0.4,0.0,0.4,1.0,3.2,3.6,4.6,6.6,8.0
289,Noah Penda,ORL,3.0,0.0,12.0,1.7,5.0,0.333,0.7,1.3,0.5,1.0,1.3,0.75,2.3,3.0,5.3,0.7,0.0,0.0,1.0,1.3,5.0,3.5,10.3,5.7,11.0
290,Asa Newell,ATL,3.0,0.0,8.6,1.3,2.3,0.571,0.7,1.3,0.5,0.3,0.3,1.0,0.3,0.3,0.7,0.7,0.7,0.0,0.7,0.0,3.7,3.4,4.4,4.4,5.1
291,Jaden Ivey,DET,5.0,0.0,14.5,2.0,6.0,0.333,0.8,3.0,0.267,2.0,2.0,1.0,0.6,1.8,2.4,0.6,0.2,0.2,1.4,1.0,6.8,3.3,9.2,7.4,9.8
292,Dean Wade,CLE,4.0,1.0,20.1,1.3,4.0,0.313,0.8,3.3,0.231,1.0,1.3,0.8,0.8,1.3,2.0,1.3,0.5,0.5,0.3,2.3,4.3,3.3,6.3,5.6,7.6
293,Moussa Cisse,DAL,1.0,0.0,14.4,1.0,2.0,0.5,0.0,0.0,,2.0,2.0,1.0,0.0,2.0,2.0,0.0,0.0,0.0,0.0,1.0,4.0,3.2,6.0,4.0,6.0
294,Gradey Dick,TOR,4.0,0.0,14.8,2.3,5.0,0.45,0.5,2.3,0.222,0.3,0.5,0.5,0.5,2.3,2.8,0.5,0.5,0.3,0.8,1.8,5.3,3.2,8.1,5.8,8.6
295,Justin Edwards,PHI,4.0,1.0,20.3,2.3,6.3,0.36,1.3,3.8,0.333,0.8,1.0,0.75,0.0,1.0,1.0,1.5,1.3,0.0,1.5,2.0,6.5,3.2,7.5,8.0,9.0
296,Emanuel Miller,CHI,3.0,0.0,7.2,1.3,2.7,0.5,0.7,1.3,0.5,0.3,0.7,0.5,0.0,0.3,0.3,0.7,0.7,0.0,0.0,0.7,3.7,3.2,4.0,4.4,4.7
297,Nicolas Batum,LAC,5.0,0.0,22.7,1.2,2.6,0.462,1.2,2.6,0.462,0.4,0.6,0.667,0.4,1.6,2.0,0.4,1.0,0.4,0.8,2.4,4.0,3.1,6.0,4.4,6.4
298,Jordan Clarkson,NYK,5.0,0.0,20.1,3.0,9.4,0.319,0.8,4.4,0.182,0.6,0.6,1.0,0.8,1.2,2.0,1.4,0.4,0.4,0.8,1.8,7.4,3.1,9.4,8.8,10.8
299,Cedric Coward,MEM,4.0,4.0,30.6,4.0,11.0,0.364,0.3,3.8,0.067,1.3,1.8,0.714,0.5,5.3,5.8,1.8,0.0,0.3,2.5,2.3,9.5,3.1,15.3,11.3,17.1
300,Daniel Gafford,DAL,2.0,0.0,15.8,1.0,2.0,0.5,0.0,0.0,,1.5,2.0,0.75,1.5,3.0,4.5,0.0,1.0,0.0,2.0,0.5,3.5,3.1,8.0,3.5,8.0
301,Drew Eubanks,SAC,4.0,4.0,13.0,1.5,3.0,0.5,0.0,0.0,,0.0,0.3,0.0,1.5,2.5,4.0,0.5,0.3,0.5,0.8,1.0,3.0,3.0,7.0,3.5,7.5
302,Gary Harris,MIL,3.0,0.0,17.9,0.7,2.7,0.25,0.3,1.0,0.333,1.0,1.0,1.0,0.3,2.7,3.0,1.7,0.7,0.0,0.7,0.7,2.7,3.0,5.7,4.4,7.4
303,Kenrich Williams,OKC,4.0,0.0,12.7,1.5,2.8,0.545,1.0,1.5,0.667,0.0,0.0,,0.0,2.5,2.5,1.0,0.0,0.0,0.5,1.5,4.0,3.0,6.5,5.0,7.5
304,Malaki Branham,WAS,3.0,0.0,8.7,1.0,2.7,0.375,0.0,1.0,0.0,0.7,1.3,0.5,0.3,1.7,2.0,1.3,0.7,0.3,0.3,0.7,2.7,2.9,4.7,4.0,6.0
305,Tre Mann,CHO,3.0,0.0,15.3,2.7,6.7,0.4,1.3,4.3,0.308,0.0,0.0,,0.7,1.0,1.7,1.3,0.0,0.0,1.3,1.7,6.7,2.8,8.4,8.0,9.7
306,Kelly Olynyk,SAS,4.0,0.0,10.2,1.5,2.8,0.545,0.5,1.8,0.286,0.5,0.5,1.0,0.5,1.5,2.0,0.5,0.3,0.0,0.5,2.0,4.0,2.8,6.0,4.5,6.5
307,Baylor Scheierman,BOS,4.0,0.0,15.5,2.0,3.8,0.533,1.3,2.8,0.455,0.0,0.0,,0.5,0.8,1.3,1.0,0.3,0.0,1.0,3.0,5.3,2.8,6.6,6.3,7.6
308,Branden Carlson,OKC,1.0,0.0,2.6,1.0,1.0,1.0,1.0,1.0,1.0,0.0,0.0,,0.0,0.0,0.0,0.0,0.0,0.0,0.0,0.0,3.0,2.7,3.0,3.0,3.0
309,Sidy Cissoko,POR,4.0,4.0,21.6,1.8,5.0,0.35,0.8,3.3,0.231,1.3,1.3,1.0,0.5,2.0,2.5,1.0,0.0,0.3,0.8,2.8,5.5,2.7,8.0,6.5,9.0
310,Andre Jackson Jr.,MIL,1.0,0.0,4.9,1.0,1.0,1.0,0.0,0.0,,0.0,0.0,,0.0,1.0,1.0,1.0,0.0,0.0,0.0,0.0,2.0,2.7,3.0,3.0,4.0
311,Chris Paul,LAC,4.0,0.0,12.5,1.8,4.3,0.412,0.8,1.3,0.6,0.0,0.0,,0.0,1.3,1.3,1.8,0.3,0.0,0.5,1.5,4.3,2.7,5.6,6.1,7.4
312,Nick Smith Jr.,LAL,1.0,0.0,5.7,1.0,2.0,0.5,1.0,2.0,0.5,0.0,0.0,,0.0,0.0,0.0,1.0,0.0,0.0,0.0,0.0,3.0,2.7,3.0,4.0,4.0
313,Patrick Williams,CHI,4.0,0.0,17.8,2.0,7.3,0.276,1.3,2.8,0.455,0.5,0.5,1.0,0.8,3.3,4.0,0.3,0.8,0.0,1.0,0.5,5.8,2.7,9.8,6.1,10.1
314,Alex Caruso,OKC,2.0,0.0,23.0,1.5,4.0,0.375,0.5,2.0,0.25,1.0,1.0,1.0,0.5,4.0,4.5,1.5,1.0,0.5,2.5,3.0,4.5,2.6,9.0,6.0,10.5
315,Javonte Green,DET,5.0,0.0,10.0,1.0,2.4,0.417,0.6,1.4,0.429,0.2,0.2,1.0,0.4,0.8,1.2,0.4,0.8,0.6,0.6,0.8,2.8,2.6,4.0,3.2,4.4
316,E.J. Liddell,BRK,1.0,0.0,4.9,1.0,1.0,1.0,0.0,0.0,,0.0,0.0,,1.0,0.0,1.0,0.0,0.0,0.0,0.0,0.0,2.0,2.4,3.0,2.0,3.0
317,Jamal Shead,TOR,4.0,0.0,19.8,0.8,6.0,0.125,0.3,3.3,0.077,0.8,0.8,1.0,0.0,1.5,1.5,3.8,2.5,0.0,0.8,2.5,2.5,2.4,4.0,6.3,7.8
318,Anthony Gill,WAS,1.0,0.0,7.9,1.0,1.0,1.0,0.0,0.0,,0.0,0.0,,0.0,1.0,1.0,0.0,0.0,1.0,0.0,1.0,2.0,2.3,3.0,2.0,3.0
319,Daniss Jenkins,DET,5.0,2.0,16.3,1.4,6.0,0.233,0.2,2.8,0.071,1.4,2.0,0.7,0.8,1.4,2.2,2.8,0.4,0.0,1.2,1.0,4.4,2.3,6.6,7.2,9.4
320,Luke Travers,CLE,1.0,0.0,8.7,1.0,3.0,0.333,0.0,1.0,0.0,0.0,0.0,,2.0,1.0,3.0,1.0,0.0,0.0,0.0,1.0,2.0,2.3,5.0,3.0,6.0
321,Jaylen Clark,MIN,4.0,0.0,11.3,1.0,2.5,0.4,1.0,2.5,0.4,0.5,0.5,1.0,0.0,0.8,0.8,0.0,0.3,0.0,0.3,0.5,3.5,2.2,4.3,3.5,4.3
322,Rasheer Fleming,PHO,2.0,0.0,3.1,1.0,1.0,1.0,0.5,0.5,1.0,0.0,0.0,,0.0,0.0,0.0,0.0,0.0,0.0,0.0,0.0,2.5,2.2,2.5,2.5,2.5
323,Jake LaRavia,LAL,4.0,0.0,18.0,1.8,4.8,0.368,0.5,2.0,0.25,0.0,0.0,,0.8,1.8,2.5,0.8,0.3,0.3,0.8,1.0,4.0,2.2,6.5,4.8,7.3
324,Jonathan Isaac,ORL,3.0,0.0,11.0,1.3,2.7,0.5,0.0,0.3,0.0,0.3,2.0,0.167,1.0,2.3,3.3,0.0,0.0,0.7,0.3,1.0,3.0,2.1,6.3,3.0,6.3
325,Gabe Vincent,LAL,4.0,1.0,21.6,1.3,4.0,0.313,1.3,3.3,0.385,0.0,0.0,,0.5,0.5,1.0,1.8,0.3,0.0,0.5,2.0,3.8,2.1,4.8,5.6,6.6
326,Hugo González,BOS,3.0,0.0,12.1,1.0,3.0,0.333,0.3,2.0,0.167,0.3,0.7,0.5,0.3,2.0,2.3,0.3,1.0,0.0,0.0,2.3,2.7,2.0,5.0,3.0,5.3
327,Jeff Green,HOU,2.0,0.0,4.8,1.5,3.0,0.5,0.5,1.5,0.333,0.0,0.0,,0.0,0.0,0.0,0.0,0.0,0.0,0.0,0.0,3.5,2.0,3.5,3.5,3.5
328,Jonathan Mogbo,TOR,1.0,0.0,4.1,1.0,3.0,0.333,0.0,0.0,,0.0,0.0,,1.0,1.0,2.0,1.0,0.0,0.0,0.0,0.0,2.0,2.0,4.0,3.0,5.0
329,Jeremiah Robinson-Earl,IND,5.0,0.0,14.1,1.0,4.0,0.25,0.4,2.4,0.167,0.6,0.6,1.0,1.0,3.6,4.6,0.8,0.2,0.2,0.6,1.6,3.0,2.0,7.6,3.8,8.4
330,Drew Timme,LAL,1.0,0.0,1.2,1.0,2.0,0.5,0.0,1.0,0.0,0.0,0.0,,0.0,0.0,0.0,0.0,1.0,0.0,0.0,0.0,2.0,2.0,2.0,2.0,2.0
331,Cole Anthony,MIL,4.0,0.0,7.0,1.0,3.0,0.333,0.0,0.5,0.0,0.8,1.3,0.6,0.5,0.5,1.0,1.5,0.5,0.0,0.8,1.3,2.8,1.7,3.8,4.3,5.3
332,Caleb Houstan,ATL,1.0,0.0,5.3,1.0,2.0,0.5,1.0,2.0,0.5,0.0,0.0,,1.0,0.0,1.0,0.0,0.0,0.0,1.0,0.0,3.0,1.7,4.0,3.0,4.0
333,Jamison Battle,TOR,2.0,1.0,12.6,1.5,3.0,0.5,0.0,1.0,0.0,0.0,0.0,,0.0,2.0,2.0,0.0,0.0,0.0,0.5,0.0,3.0,1.6,5.0,3.0,5.0
334,Carter Bryant,SAS,5.0,0.0,10.6,0.8,2.2,0.364,0.8,1.8,0.444,0.0,0.0,,0.2,2.0,2.2,0.2,0.4,0.2,0.4,1.6,2.4,1.6,4.6,2.6,4.8
335,Jamal Cain,ORL,1.0,0.0,9.4,0.0,0.0,,0.0,0.0,,1.0,2.0,0.5,0.0,1.0,1.0,1.0,0.0,0.0,0.0,0.0,1.0,1.6,2.0,2.0,3.0
336,Maxi Kleber,LAL,4.0,0.0,10.2,0.8,2.0,0.375,0.3,1.0,0.25,0.5,0.5,1.0,0.5,1.3,1.8,0.5,0.3,0.0,0.3,1.5,2.3,1.6,4.1,2.8,4.6
337,Zeke Nnaji,DEN,4.0,0.0,9.8,1.0,1.5,0.667,0.0,0.5,0.0,0.3,0.5,0.5,0.8,0.8,1.5,0.3,0.3,0.3,0.8,1.3,2.3,1.6,3.8,2.6,4.1
338,Josh Okogie,HOU,4.0,2.0,19.7,1.0,3.8,0.267,0.8,2.3,0.333,0.5,1.0,0.5,1.5,2.3,3.8,0.5,1.0,0.3,1.8,1.8,3.3,1.6,7.1,3.8,7.6
339,Nick Richards,PHO,3.0,0.0,5.6,0.7,1.3,0.5,0.0,0.0,,0.3,0.3,1.0,0.7,0.7,1.3,0.3,0.0,0.7,0.3,1.3,1.7,1.5,3.0,2.0,3.3
340,Guerschon Yabusele,NYK,5.0,0.0,9.1,0.8,2.4,0.333,0.4,1.8,0.222,0.2,0.4,0.5,0.0,2.4,2.4,0.4,0.2,0.2,0.4,0.6,2.2,1.5,4.6,2.6,5.0
341,Yanic Konan Niederhauser,LAC,3.0,0.0,5.6,1.0,1.3,0.75,0.0,0.0,,0.0,0.7,0.0,0.0,1.0,1.0,0.0,0.0,0.3,0.3,0.0,2.0,1.4,3.0,2.0,3.0
342,Kyle Lowry,PHI,1.0,0.0,11.2,0.0,0.0,,0.0,0.0,,0.0,0.0,,0.0,0.0,0.0,2.0,0.0,0.0,0.0,0.0,0.0,1.4,0,2.0,2.0
343,Ochai Agbaji,TOR,4.0,0.0,12.6,1.3,4.0,0.313,0.0,1.0,0.0,0.0,0.0,,0.8,1.3,2.0,1.0,0.5,0.3,0.5,1.8,2.5,1.3,4.5,3.5,5.5
344,Thanasis Antetokounmpo,MIL,1.0,0.0,3.0,1.0,1.0,1.0,0.0,0.0,,0.0,0.0,,0.0,0.0,0.0,0.0,0.0,0.0,0.0,1.0,2.0,1.3,2.0,2.0,2.0
345,JD Davison,HOU,3.0,0.0,5.8,0.7,1.0,0.667,0.0,0.0,,0.0,0.0,,0.0,0.0,0.0,0.7,0.3,0.0,0.3,0.3,1.3,1.2,1.3,2.0,2.0
346,Jevon Carter,CHI,4.0,0.0,10.5,1.0,3.5,0.286,0.3,2.0,0.125,0.5,0.5,1.0,0.3,0.8,1.0,1.3,0.3,0.0,0.8,1.0,2.8,1.1,3.8,4.1,5.1
347,Luka Garza,BOS,2.0,1.0,8.2,0.5,1.0,0.5,0.5,1.0,0.5,0.0,0.0,,0.0,0.5,0.5,0.5,0.0,0.0,0.0,1.0,1.5,1.1,2.0,2.0,2.5
348,Lindy Waters III,SAS,4.0,0.0,7.6,0.8,2.3,0.333,0.3,1.8,0.143,0.0,0.0,,0.5,0.5,1.0,0.5,0.3,0.0,0.0,1.3,1.8,1.1,2.8,2.3,3.3
349,Amir Coffey,MIL,1.0,0.0,3.9,1.0,2.0,0.5,0.0,1.0,0.0,0.0,0.0,,0.0,0.0,0.0,0.0,0.0,0.0,0.0,0.0,2.0,1.0,2.0,2.0,2.0
350,Keon Ellis,SAC,4.0,0.0,14.2,0.5,2.8,0.182,0.5,2.5,0.2,0.5,1.5,0.333,0.0,0.5,0.5,0.5,0.8,0.8,0.3,1.0,2.0,1.0,2.5,2.5,3.0
351,Orlando Robinson,ORL,1.0,0.0,6.6,0.0,1.0,0.0,0.0,1.0,0.0,0.0,0.0,,0.0,0.0,0.0,1.0,1.0,0.0,0.0,0.0,0.0,1.0,0,1.0,1.0
352,Jacob Toppin,ATL,1.0,0.0,6.7,1.0,2.0,0.5,0.0,0.0,,0.0,0.0,,0.0,0.0,0.0,0.0,0.0,0.0,0.0,0.0,2.0,1.0,2.0,2.0,2.0
353,Larry Nance Jr.,CLE,1.0,0.0,9.9,0.0,1.0,0.0,0.0,1.0,0.0,0.0,0.0,,2.0,1.0,3.0,1.0,0.0,0.0,0.0,2.0,0.0,0.9,3.0,1.0,4.0
354,Amari Williams,BOS,3.0,0.0,7.3,0.0,0.0,,0.0,0.0,,0.3,0.7,0.5,0.3,1.3,1.7,0.0,0.0,0.7,0.0,1.0,0.3,0.9,2.0,0.3,2.0
355,Mohamed Diawara,NYK,4.0,0.0,1.8,0.3,0.5,0.5,0.3,0.5,0.5,0.0,0.0,,0.3,0.3,0.5,0.5,0.0,0.0,0.3,0.3,0.8,0.8,1.3,1.3,1.8
356,Rob Dillingham,MIN,4.0,0.0,8.3,0.8,3.3,0.231,0.5,0.8,0.667,0.3,0.5,0.5,0.3,1.0,1.3,1.5,0.0,0.0,0.5,1.0,2.3,0.8,3.6,3.8,5.1
357,Tosan Evbuomwan,NYK,1.0,0.0,2.2,0.0,0.0,,0.0,0.0,,0.0,0.0,,1.0,0.0,1.0,0.0,0.0,0.0,0.0,0.0,0.0,0.7,1.0,0,1.0
358,Trentyn Flowers,CHI,1.0,0.0,1.2,0.0,0.0,,0.0,0.0,,0.0,0.0,,0.0,0.0,0.0,1.0,0.0,0.0,0.0,0.0,0.0,0.7,0,1.0,1.0
359,Curtis Jones,DEN,2.0,0.0,1.6,0.5,1.5,0.333,0.0,0.5,0.0,0.0,0.0,,0.5,0.5,1.0,0.0,0.0,0.0,0.0,0.0,1.0,0.7,2.0,1.0,2.0
360,Caleb Martin,DAL,4.0,0.0,8.3,0.0,2.0,0.0,0.0,0.5,0.0,0.0,0.0,,0.5,2.0,2.5,1.0,1.0,0.3,0.3,1.3,0.0,0.7,2.5,1.0,3.5
361,Hunter Sallis,PHI,2.0,0.0,8.6,1.0,2.0,0.5,0.0,0.0,,0.0,0.0,,0.0,0.0,0.0,1.5,0.0,0.5,1.5,0.5,2.0,0.7,2.0,3.5,3.5
362,Ethan Thompson,IND,2.0,0.0,5.1,0.5,1.0,0.5,0.0,0.5,0.0,0.0,0.0,,0.0,0.0,0.0,0.5,0.0,0.0,0.0,0.5,1.0,0.7,1.0,1.5,1.5
363,Bismack Biyombo,SAS,1.0,0.0,1.7,0.0,0.0,,0.0,0.0,,1.0,2.0,0.5,0.0,0.0,0.0,0.0,0.0,0.0,0.0,0.0,1.0,0.6,1.0,1.0,1.0
364,KJ Simpson,CHO,1.0,0.0,3.5,0.0,1.0,0.0,0.0,1.0,0.0,1.0,2.0,0.5,0.0,0.0,0.0,1.0,0.0,0.0,0.0,0.0,1.0,0.6,1.0,2.0,2.0
365,Duop Reath,POR,3.0,0.0,5.3,0.7,2.3,0.286,0.0,0.7,0.0,0.0,0.0,,0.3,0.3,0.7,0.0,0.3,0.0,0.0,0.7,1.3,0.4,2.0,1.3,2.0
366,Yang Hansen,POR,3.0,0.0,3.6,0.0,1.3,0.0,0.0,0.7,0.0,0.7,0.7,1.0,0.0,1.0,1.0,0.3,0.0,0.3,0.0,0.3,0.7,0.4,1.7,1.0,2.0
367,Koby Brea,PHO,1.0,0.0,3.8,0.0,1.0,0.0,0.0,1.0,0.0,0.0,0.0,,0.0,1.0,1.0,1.0,0.0,0.0,0.0,0.0,0.0,0.3,1.0,1.0,2.0
368,Nigel Hayes-Davis,PHO,3.0,0.0,12.6,0.7,2.7,0.25,0.0,0.7,0.0,0.0,0.0,,0.3,1.0,1.3,0.3,0.3,0.3,0.3,1.0,1.3,0.3,2.6,1.6,2.9
369,Trey Jemison,NYK,1.0,0.0,0.3,0.0,0.0,,0.0,0.0,,0.0,0.0,,0.0,1.0,1.0,0.0,0.0,0.0,0.0,0.0,0.0,0.3,1.0,0,1.0
370,Isaiah Livers,PHO,1.0,0.0,9.2,0.0,2.0,0.0,0.0,1.0,0.0,0.0,0.0,,2.0,1.0,3.0,0.0,1.0,0.0,1.0,0.0,0.0,0.3,3.0,0,3.0
371,Pacome Dadiet,NYK,2.0,0.0,1.2,0.0,0.0,,0.0,0.0,,0.0,0.0,,0.0,0.5,0.5,0.0,0.0,0.0,0.0,0.0,0.0,0.2,0.5,0,0.5
372,Johni Broome,PHI,3.0,0.0,10.8,0.7,5.0,0.133,0.0,0.7,0.0,0.7,1.3,0.5,1.3,2.0,3.3,1.0,0.7,0.0,0.7,1.7,2.0,0.1,5.3,3.0,6.3
373,Nique Clifford,SAC,4.0,0.0,12.6,0.8,2.8,0.273,0.3,1.3,0.2,0.0,0.0,,0.0,1.0,1.0,0.8,0.3,0.3,0.5,2.0,1.8,0.1,2.8,2.6,3.6
374,Cam Christie,LAC,3.0,0.0,11.2,0.7,4.0,0.167,0.0,1.3,0.0,0.3,1.0,0.333,0.7,2.3,3.0,0.0,0.7,0.0,0.3,1.0,1.7,0.0,4.7,1.7,4.7
375,Myron Gardner,MIA,1.0,0.0,0.9,0.0,0.0,,0.0,0.0,,0.0,0.0,,0.0,0.0,0.0,0.0,0.0,0.0,0.0,0.0,0.0,0.0,0,0,0
376,Johnny Juzang,MIN,1.0,0.0,1.5,0.0,0.0,,0.0,0.0,,0.0,0.0,,0.0,0.0,0.0,0.0,0.0,0.0,0.0,0.0,0.0,0.0,0,0,0
377,Chris Livingston,CLE,1.0,0.0,1.0,0.0,0.0,,0.0,0.0,,0.0,0.0,,0.0,0.0,0.0,0.0,0.0,0.0,0.0,0.0,0.0,0.0,0,0,0
378,RayJ Dennis,IND,1.0,0.0,5.8,0.0,2.0,0.0,0.0,1.0,0.0,0.0,0.0,,0.0,2.0,2.0,1.0,0.0,0.0,0.0,0.0,0.0,-0.1,2.0,1.0,3.0
379,Hunter Tyson,DEN,2.0,0.0,1.6,0.0,0.5,0.0,0.0,0.0,,0.0,0.0,,0.0,0.5,0.5,0.5,0.0,0.0,0.0,0.5,0.0,-0.1,0.5,0.5,1.0
380,Ariel Hukporti,NYK,3.0,0.0,6.2,0.0,0.3,0.0,0.0,0.0,,0.0,0.0,,1.0,0.7,1.7,0.3,0.0,1.0,1.0,2.0,0.0,-0.2,1.7,0.3,2.0
381,Bronny James,LAL,2.0,0.0,3.5,0.0,0.5,0.0,0.0,0.5,0.0,0.0,0.0,,0.0,0.0,0.0,1.0,0.0,0.0,0.5,0.0,0.0,-0.2,0,1.0,1.0
382,Taelon Peter,IND,3.0,0.0,4.6,0.3,1.7,0.2,0.3,1.7,0.2,0.3,0.7,0.5,0.0,0.3,0.3,0.0,0.0,0.0,0.3,0.3,1.3,-0.2,1.6,1.3,1.6
383,Jahmyl Telfort,LAC,2.0,0.0,2.2,0.0,0.0,,0.0,0.0,,0.0,0.0,,0.0,0.0,0.0,0.0,0.0,0.0,0.0,0.5,0.0,-0.2,0,0,0
384,Adou Thiero,LAL,3.0,0.0,2.9,0.0,0.0,,0.0,0.0,,0.0,0.0,,0.0,0.3,0.3,0.0,0.3,0.0,0.3,0.7,0.0,-0.2,0.3,0,0.3
385,Lachlan Olbrich,CHI,3.0,0.0,10.0,0.3,1.7,0.2,0.0,0.7,0.0,0.0,0.0,,0.7,2.0,2.7,1.0,0.0,0.0,0.7,2.7,0.7,-0.3,3.4,1.7,4.4
386,Olivier-Maxence Prosper,MEM,1.0,0.0,7.5,1.0,4.0,0.25,0.0,0.0,,0.0,0.0,,0.0,3.0,3.0,0.0,0.0,0.0,0.0,2.0,2.0,-0.3,5.0,2.0,5.0
387,Kasparas Jakucionis,MIA,1.0,0.0,0.9,0.0,2.0,0.0,0.0,0.0,,0.0,0.0,,0.0,0.0,0.0,0.0,1.0,0.0,0.0,0.0,0.0,-0.4,0,0,0
388,David Jones García,SAS,3.0,0.0,2.7,0.0,0.3,0.0,0.0,0.0,,0.0,0.0,,0.0,0.3,0.3,0.3,0.3,0.0,0.7,0.3,0.0,-0.4,0.3,0.3,0.6
389,Leonard Miller,MIN,1.0,0.0,1.5,0.0,0.0,,0.0,0.0,,0.0,0.0,,0.0,0.0,0.0,0.0,0.0,0.0,0.0,1.0,0.0,-0.4,0,0,0
390,Jalen Pickett,DEN,2.0,0.0,1.6,0.0,0.5,0.0,0.0,0.5,0.0,0.0,0.0,,0.0,0.0,0.0,0.0,0.0,0.0,0.0,0.0,0.0,-0.4,0,0,0
391,Rayan Rupert,POR,4.0,0.0,7.4,0.3,1.5,0.167,0.3,0.8,0.333,0.0,0.0,,0.3,0.5,0.8,0.0,0.3,0.3,0.5,1.0,0.8,-0.4,1.6,0.8,1.6
392,Sharife Cooper,WAS,2.0,0.0,2.9,0.0,0.5,0.0,0.0,0.5,0.0,0.0,0.0,,0.0,0.0,0.0,0.0,0.0,0.0,0.0,0.5,0.0,-0.6,0,0,0
393,Khaman Maluach,PHO,2.0,0.0,3.1,0.0,0.5,0.0,0.0,0.0,,0.0,0.0,,0.0,0.0,0.0,0.0,0.0,0.0,0.0,0.5,0.0,-0.6,0,0,0
394,Jaden Hardy,DAL,2.0,0.0,2.3,0.0,1.0,0.0,0.0,0.0,,0.0,0.0,,0.0,0.0,0.0,0.0,0.0,0.0,0.0,0.0,0.0,-0.7,0,0,0
395,Jamir Watkins,WAS,1.0,0.0,2.8,0.0,1.0,0.0,0.0,1.0,0.0,0.0,0.0,,0.0,0.0,0.0,0.0,0.0,0.0,0.0,0.0,0.0,-0.7,0,0,0
396,Johnny Furphy,IND,1.0,0.0,16.4,0.0,0.0,,0.0,0.0,,0.0,0.0,,0.0,2.0,2.0,0.0,0.0,0.0,1.0,1.0,0.0,-0.8,2.0,0,2.0
397,Chucky Hepburn,TOR,1.0,0.0,4.9,0.0,3.0,0.0,0.0,2.0,0.0,0.0,0.0,,0.0,1.0,1.0,0.0,1.0,0.0,0.0,1.0,0.0,-1.2,1.0,0,1.0
398,Bones Hyland,MIN,1.0,0.0,1.5,0.0,0.0,,0.0,0.0,,0.0,0.0,,0.0,0.0,0.0,0.0,0.0,0.0,1.0,1.0,0.0,-1.4,0,0,0
399,AJ Johnson,WAS,1.0,0.0,5.8,0.0,1.0,0.0,0.0,1.0,0.0,0.0,0.0,,0.0,1.0,1.0,0.0,0.0,0.0,1.0,0.0,0.0,-1.4,1.0,0,1.0
400,Nikola Jović,MIA,3.0,0.0,5.7,0.3,2.0,0.167,0.0,0.7,0.0,0.0,0.3,0.0,0.3,1.0,1.3,0.3,0.0,0.3,1.7,0.3,0.7,-1.5,2.0,1.0,2.3
401,Gui Santos,GSW,1.0,0.0,5.9,0.0,2.0,0.0,0.0,1.0,0.0,0.0,0.0,,0.0,1.0,1.0,1.0,0.0,0.0,2.0,1.0,0.0,-2.8,1.0,1.0,2.0
